header_text,merchant_label,location_label
LOTUSS STORES (MALAYSIA) SDN. BHD ENANG EGAIE , LOTUSS , PENANG EGATE
LOTUSS STORES (MALAYSIA) SDN. BHD PENANG EGATE , LOTUSS , PENANG EGATE
MYDIN nntt HUKIT MERTAJAH CUTTEn RNIeE, MYDIN , BUKIT MARTAJAM
99 SPEED MART SDN- BHD. 2868-PG GRAVITAS BUSINESS PARK,99 SPEED MART,GRAVITAS BUSINESS PARK
"TEALIVE Lot G-45, Sunway Pyramid, Bandar Sunway, 47500 Petaling Jaya, Selangor",TEALIVE,SUNWAY PYRAMID
MCD0NALDS Lot LG-1 Sunway Pyramid 47500 Petaling Jaya Selangor,MCDONALDS,SUNWAY PYRAMID
"OLDTOWN WHITE COFFEE Lot L2-10, Gateway@KLIA2, 64000 Sepang, Selangor",OLDTOWN_WHITE_COFFEE,KLIA2
"MYDIN MYDIN WHOLESALE HYPERMARKET KUANTAN Jalan Gambut, 25300 Kuantan, Pahang",MYDIN,KUANTAN
"NSK TRADE CITY Jalan Besar, 09000 Kulim, Kedah",NSK_TRADE_CITY,KULIM
"MYDIN MYDIN WHOLESALE HYPERMARKET BUKIT MERTAJAM Lot 1234, Jalan Rozhan, Alma, 14000 Bukit Mertajam, Penang",MYDIN,BUKIT MERTAJAM
"FAMILYMART Jalan SS16/1, 47500 Subang Jaya, Selangor",FAMILYMART,SUBANG PARADE
"HERO MARKET Jalan Desa 2, Taman Desa, 58100 Kuala Lumpur",HERO_MARKET,TAMAN DESA
"OLDTOWN WHITE COFFEE Lot L2-10, Gateway@KLI42, 64000 Sepang, Selangor",OLDTOWN_WHITE_COFFEE,KLIA2
"VILLAG3 GROC3R 1 Lebuh Bandar Utama, 47800 Petaling Jaya, Selangor",VILLAGE_GROCER,ONE UTAMA
"SEVEN ELEVEN Jalan Air Itam, 10560 George Town, Penang",SEVEN_ELEVEN,PENANG HILL
"GIANT Jalan Sultan Iskandar, 30000 Ipoh, Perak",GIANT,IPOH
"SEVEN ELEVEN Jalan Air Itam, 10560 George Town, Penang",SEVEN_ELEVEN,PENANG HILL
"VILLAGE GROCER Jalan PJU 5/14, Kota Damansara, 47810 Petaling Jaya, Selangor",VILLAGE_GROCER,SUNWAY GIZA
JAYA GROCER Lot LG-102 Bandar Utama 47800 Petaling Jaya Selangor,JAYA_GROCER,ONE UTAMA
"TEALIVE 100 Persiaran Bayan Indah, 11900 Bayan Lepas, Penang",TEALIVE,QUEENSBAY MALL
FAMILYMART Lot G-12 Mid Valley Megamall 59200 Kuala Lumpur,FAMILYMART,MID VALLEY
"HERO MARKET Jalan PJS 11/20, Bandar Sunway, 47500 Petaling Jaya, Selangor",HERO_MARKET,BANDAR BARU SUNWAY
"GI4NT Jalan Sultan Iskandar, 30000 Ipoh, Perak",GIANT,IPOH
"FAMILYMART Jalan SS16/1, 47500 Subang Jaya, Selangor",FAMILYMART,SUBANG PARADE
"TEALIVE Lot G-45, Sunway Pyramid, Bandar Sunway, 47500 Petaling Jaya, Selangor",TEALIVE,SUNWAY PYRAMID
"GIANT Jalan Sultan Iskandar, 30000 Ipoh, Perak",GIANT,IPOH
"TESCO LOTUS Lot 789, Jalan Todak, 13700 Perai, Penang",TESCO_LOTUS,SEBERANG JAYA
"TE4LIVE 100 Persiaran Bayan Indah, 11900 Bayan Lepas, Penang",TEALIVE,QUEENSBAY MALL
"OLDTOWN WHITE COFFEE Lot L2-10, Gateway@KLIA2, 64000 Sepang, Selangor",OLDTOWN_WHITE_COFFEE,KLIA2
"J4Y4 GROC3R Lot LG-18, Jalan Putra, 50350 Kuala Lumpur",JAYA_GROCER,SUNWAY PUTRA MALL
"J4Y4 GROCER Lot G-12, Jalan Lingkaran Tengah 2, 53100 Kuala Lumpur",JAYA_GROCER,KL EAST MALL
"MYDIN MYDIN WHOLESALE HYPERMARKET SUBANG JAYA USJ 1, Persiaran Subang Permai, 47600 Subang Jaya, Selangor",MYDIN,SUBANG JAYA
"FAMILYMART Jalan SS16/1, 47500 Subang Jaya, Selangor",FAMILYMART,SUBANG PARADE
"GIANT Jalan Haji Abdul Wahab, 08000 Sungai Petani, Kedah",GIANT,SUNGAI PETANI
"AEON BIG 100 Persiaran Bayan Indah, 11900 Bayan Lepas, Penang",AEON_BIG,QUEENSBAY MALL
"FAMILYMART Jalan SS16/1, 47500 Subang Jaya, Selangor",FAMILYMART,SUBANG PARADE
"FAMILYMART Lot G-12, Mid Valley Megamall, 59200 Kuala Lumpur",FAMILYMART,MID VALLEY
4EON BIG 100 Persiaran Bayan Indah 11900 Bayan Lepas Penang,AEON_BIG,QUEENSBAY MALL
"TESCO LOTUS Lot 88, Jalan Puchong Jaya, 47100 Puchong, Selangor",TESCO_LOTUS,PUCHONG
"VILLAGE GROCER 1 Lebuh Bandar Utama, 47800 Petaling Jaya, Selangor",VILLAGE_GROCER,ONE UTAMA
"NSK TR4D3 CITY Jalan Sultan 4hmad, 10050 Penang",NSK_TRADE_CITY,PENANG
"TESCO LOTUS Lot 3456, Jalan Rozhan, 14000 Bukit Mertajam, Penang",TESCO_LOTUS,ALMA
"NSK TRADE CITY Lot 45, Jalan Merbok, 08000 Sungai Petani, Kedah",NSK_TRADE_CITY,SUNGAI PETANI
"JAYA GROCER Lot LG-26, Persiaran Gurney, 10250 Pulau Pinang",JAYA_GROCER,GURNEY PARAGON MALL
"FAMILYMART Jalan SS16/1, 47500 Subang Jaya, Selangor",FAMILYMART,SUBANG PARADE
"MYDIN MYDIN WHOLESALE HYPERMARKET KUANTAN Jalan Gambut, 25300 Kuantan, Pahang",MYDIN,KUANTAN
"F4MILYM4RT Lot G-12, Mid Valley Megamall, 59200 Kuala Lumpur",FAMILYMART,MID VALLEY
"HERO MARKET Jalan PJS 11/20, Bandar Sunway, 47500 Petaling Jaya, Selangor",HERO_MARKET,BANDAR BARU SUNWAY
"VILLAGE GROCER Jalan PJU 5/14, Kota Damansara, 47810 Petaling Jaya, Selangor",VILLAGE_GROCER,SUNWAY GIZA
"MCDONALDS Lot LG-1, Sunway Pyramid, 47500 Petaling Jaya, Selangor",MCDONALDS,SUNWAY PYRAMID
"JAYA GROCER Lot LG-26, Persiaran Gurney, 10250 Pulau Pinang",JAYA_GROCER,GURNEY PARAGON MALL
"JAYA GROC3R Lot LG-102, Bandar Utama, 47800 Petaling Jaya, Selangor",JAYA_GROCER,ONE UTAMA
TEALIVE Lot G-45 Sunway Pyramid Bandar Sunway 47500 Petaling Jaya Selangor,TEALIVE,SUNWAY PYRAMID
"T3ALIV3 100 Persiaran Bayan Indah, 11900 Bayan Lepas, Penang",TEALIVE,QUEENSBAY MALL
"AEON BIG Persiaran Kewajipan, 47500 Subang Jaya, Selangor",AEON_BIG,SUBANG JAYA
MYDIN MYDIN WHOLES4LE HYPERM4RKET IPOH Jalan Sultan 4zlan Shah 31400 Ipoh Perak,MYDIN,IPOH
"HERO MARKET Jalan Desa 2, Taman Desa, 58100 Kuala Lumpur",HERO_MARKET,TAMAN DESA
"SEVEN ELEVEN Jalan Air Itam, 10560 George Town, Penang",SEVEN_ELEVEN,PENANG HILL
"MCDON4LDS Lot 10, KLCC, Jalan 4mpang, 50088 Kuala Lumpur",MCDONALDS,KLCC
"NSK TRADE CITY Jalan Besar, 09000 Kulim, Kedah",NSK_TRADE_CITY,KULIM
"TESCO LOTUS Lot 3456, Jalan Rozhan, 14000 Bukit Mertajam, Penang",TESCO_LOTUS,ALMA
"OLDTOWN WHITE COFFEE 100 Persiaran Bayan Indah, 11900 Bayan Lepas, Penang",OLDTOWN_WHITE_COFFEE,QUEENSBAY MALL
"NSK TRADE CITY Jalan Besar, 09000 Kulim, Kedah",NSK_TRADE_CITY,KULIM
"MCDONALDS Lot 10, KLCC, Jalan Ampang, 50088 Kuala Lumpur",MCDONALDS,KLCC
"AE0N BIG Persiaran Kewajipan, 47500 Subang Jaya, Selangor",AEON_BIG,SUBANG JAYA
"JAYA GR0CER Lot LG-26, Persiaran Gurney, 10250 Pulau Pinang",JAYA_GROCER,GURNEY PARAGON MALL
"AEON BIG Persiaran Kewajipan, 47500 Subang Jaya, Selangor",AEON_BIG,SUBANG JAYA
"TESCO LOTUS Lot 3456, Jalan Rozhan, 14000 Bukit Mertajam, Penang",TESCO_LOTUS,ALMA
"NSK TRADE CITY Jalan Sultan Ahmad, 10050 Penang",NSK_TRADE_CITY,PENANG
"TEALIVE Lot G-45, Sunway Pyramid, Bandar Sunway, 47500 Petaling Jaya, Selangor",TEALIVE,SUNWAY PYRAMID
"SEVEN ELEVEN No. 12, Lorong Maarof, Bangsar, 59000 Kuala Lumpur",SEVEN_ELEVEN,BANGSAR
"GIANT Jalan Haji Abdul Wahab, 08000 Sungai Petani, Kedah",GIANT,SUNGAI PETANI
"JAYA GROCER Lot LG-18, Jalan Putra, 50350 Kuala Lumpur",JAYA_GROCER,SUNWAY PUTRA MALL
"MCDONALDS Lot 10, KLCC, Jalan Ampang, 50088 Kuala Lumpur",MCDONALDS,KLCC
"VILLAGE GROCER 1 Lebuh Bandar Utama, 47800 Petaling Jaya, Selangor",VILLAGE_GROCER,ONE UTAMA
"AEON BIG Persiaran Kewajipan, 47500 Subang Jaya, Selangor",AEON_BIG,SUBANG JAYA
"NSK TRADE CITY Jalan Sultan Ahmad, 10050 Penang",NSK_TRADE_CITY,PENANG
"HER0 MARKET Jalan PJS 11/20, Bandar Sunway, 47500 Petaling Jaya, Selangor",HERO_MARKET,BANDAR BARU SUNWAY
"NSK TRADE CITY Jalan Besar, 09000 Kulim, Kedah",NSK_TRADE_CITY,KULIM
"KFC Lot 6.02, Pavilion Kuala Lumpur, 55100 Kuala Lumpur",KFC,PAVILION KL
"AEON BIG Persiaran Kewajipan, 47500 Subang Jaya, Selangor",AEON_BIG,SUBANG JAYA
"SEVEN ELEVEN No. 12, Lorong Maarof, Bangsar, 59000 Kuala Lumpur",SEVEN_ELEVEN,BANGSAR
"KFC Lot F-12, Bandar Utama, 47800 Petaling Jaya, Selangor",KFC,BANDAR UTAMA
"VILLAGE GROCER Jalan PJU 5/14, Kota Damansara, 47810 Petaling Jaya, Selangor",VILLAGE_GROCER,SUNWAY GIZA
"SP33DMART 99 Jalan SS15/8, 47500 Subang Jaya, Selangor",SPEEDMART_99,SS15
"SPEEDMART 99 Jalan SS24/12, 47301 Petaling Jaya, Selangor",SPEEDMART_99,TAMAN MEGAH
"TESC0 L0TUS Lot 789, Jalan Todak, 13700 Perai, Penang",TESCO_LOTUS,SEBERANG JAYA
"MCDONALDS Lot LG-1, Sunway Pyramid, 47500 Petaling Jaya, Selangor",MCDONALDS,SUNWAY PYRAMID
"OLDTOWN WHITE COFFEE Lot L2-10, Gateway@KLIA2, 64000 Sepang, Selangor",OLDTOWN_WHITE_COFFEE,KLIA2
"SPEEDMART 99 Jalan Sultan Azlan Shah, 11900 Bayan Lepas, Penang",SPEEDMART_99,BAYAN LEPAS
FAMILYMART Lot G-12 Mid Valley Megamall 59200 Kuala Lumpur,FAMILYMART,MID VALLEY
"JAYA GROCER Lot G-05, Jalan SS21/60, Damansara Utama, 47400 Selangor",JAYA_GROCER,THE STARLING MALL
"TEALIVE 100 Persiaran Bayan Indah, 11900 Bayan Lepas, Penang",TEALIVE,QUEENSBAY MALL
"TESCO LOTUS Lot 789, Jalan Todak, 13700 Perai, Penang",TESCO_LOTUS,SEBERANG JAYA
"NSK TRADE CITY Jalan Besar, 09000 Kulim, Kedah",NSK_TRADE_CITY,KULIM
0LDT0WN WHITE C0FFEE Lot L2-10 Gateway@KLIA2 64000 Sepang Selangor,OLDTOWN_WHITE_COFFEE,KLIA2
"SPEEDMART 99 Jalan Anggerik Vanilla, 40460 Kota Kemuning, Selangor",SPEEDMART_99,KOTA KEMUNING
"MYDIN MYDIN WH0LESALE HYPERMARKET SUBANG JAYA USJ 1, Persiaran Subang Permai, 47600 Subang Jaya, Selangor",MYDIN,SUBANG JAYA
"MYDIN MYDIN WHOLESALE HYPERMARKET SUBANG JAYA USJ 1, Persiaran Subang Permai, 47600 Subang Jaya, Selangor",MYDIN,SUBANG JAYA
"TESCO LOTUS Lot 789, Jalan Todak, 13700 Perai, Penang",TESCO_LOTUS,SEBERANG JAYA
HERO MARKET Jalan Desa 2 Taman Desa 58100 Kuala Lumpur,HERO_MARKET,TAMAN DESA
"MCDONALDS Lot LG-1, Sunway Pyramid, 47500 Petaling Jaya, Selangor",MCDONALDS,SUNWAY PYRAMID
KFC Lot 6.02 Pavilion Kuala Lumpur 55100 Kuala Lumpur,KFC,PAVILION KL
"SEVEN ELEVEN Jalan Air Itam, 10560 George Town, Penang",SEVEN_ELEVEN,PENANG HILL
"MYDIN MYDIN WHOL3SAL3 HYP3RMARK3T IPOH Jalan Sultan Azlan Shah, 31400 Ipoh, Perak",MYDIN,IPOH
"AE0N BIG 100 Persiaran Bayan Indah, 11900 Bayan Lepas, Penang",AEON_BIG,QUEENSBAY MALL
"SPEEDMART 99 Jalan Anggerik Vanilla, 40460 Kota Kemuning, Selangor",SPEEDMART_99,KOTA KEMUNING
"JAYA GROCER Lot LG-26, Persiaran Gurney, 10250 Pulau Pinang",JAYA_GROCER,GURNEY PARAGON MALL
"4EON BIG Persiaran Kewajipan, 47500 Subang Jaya, Selangor",AEON_BIG,SUBANG JAYA
"FAMILYMART Lot G-12, Mid Valley Megamall, 59200 Kuala Lumpur",FAMILYMART,MID VALLEY
"MYDIN MYDIN WHOLES4LE HYPERM4RKET BUKIT MERT4J4M Lot 1234, Jalan Rozhan, 4lma, 14000 Bukit Mertajam, Penang",MYDIN,BUKIT MERTAJAM
"GI4NT Persiaran Setia 4lam, 40170 Setia 4lam, Selangor",GIANT,SETIA ALAM
"MCDONALDS Lot 10, KLCC, Jalan Ampang, 50088 Kuala Lumpur",MCDONALDS,KLCC
"MCDONALDS Lot LG-1, Sunway Pyramid, 47500 Petaling Jaya, Selangor",MCDONALDS,SUNWAY PYRAMID
"VILL4GE GR0CER 1 Lebuh Bandar Utama, 47800 Petaling Jaya, Selangor",VILLAGE_GROCER,ONE UTAMA
"MCDONALDS Lot 10, KLCC, Jalan Ampang, 50088 Kuala Lumpur",MCDONALDS,KLCC
"MCDONALDS Lot LG-1, Sunway Pyramid, 47500 Petaling Jaya, Selangor",MCDONALDS,SUNWAY PYRAMID
"AEON BIG 100 Persiaran Bayan Indah, 11900 Bayan Lepas, Penang",AEON_BIG,QUEENSBAY MALL
"NSK TRADE CITY Lot 45, Jalan Merbok, 08000 Sungai Petani, Kedah",NSK_TRADE_CITY,SUNGAI PETANI
TEALIVE 100 Persiaran Bayan Indah 11900 Bayan Lepas Penang,TEALIVE,QUEENSBAY MALL
"TEALIVE 100 Persiaran Bayan Indah, 11900 Bayan Lepas, Penang",TEALIVE,QUEENSBAY MALL
"NSK TRADE CITY Lot 45, Jalan Merbok, 08000 Sungai Petani, Kedah",NSK_TRADE_CITY,SUNGAI PETANI
"AEON BIG Persiaran Kewajipan, 47500 Subang Jaya, Selangor",AEON_BIG,SUBANG JAYA
"JAYA GROC3R Lot G-12, Jalan Lingkaran Tengah 2, 53100 Kuala Lumpur",JAYA_GROCER,KL EAST MALL
"TESCO LOTUS Lot 3456, Jalan Rozhan, 14000 Bukit Mertajam, Penang",TESCO_LOTUS,ALMA
MCD0NALDS Lot LG-1 Sunway Pyramid 47500 Petaling Jaya Selangor,MCDONALDS,SUNWAY PYRAMID
"MCDONALDS Lot LG-1, Sunway Pyramid, 47500 Petaling Jaya, Selangor",MCDONALDS,SUNWAY PYRAMID
"AEON BIG Persiaran Kewajipan, 47500 Subang Jaya, Selangor",AEON_BIG,SUBANG JAYA
"AEON BIG 100 Persiaran Bayan Indah, 11900 Bayan Lepas, Penang",AEON_BIG,QUEENSBAY MALL
"MCDONALDS Lot 10, KLCC, Jalan Ampang, 50088 Kuala Lumpur",MCDONALDS,KLCC
"AEON BIG Persiaran Kewajipan, 47500 Subang Jaya, Selangor",AEON_BIG,SUBANG JAYA
NSK TRADE CITY Jalan Besar 09000 Kulim Kedah,NSK_TRADE_CITY,KULIM
"MCDONALDS Lot LG-1, Sunway Pyramid, 47500 Petaling Jaya, Selangor",MCDONALDS,SUNWAY PYRAMID
"SEVEN ELEVEN Jalan Air Itam, 10560 George Town, Penang",SEVEN_ELEVEN,PENANG HILL
"SPEEDMART 99 Jalan SS15/8, 47500 Subang Jaya, Selangor",SPEEDMART_99,SS15
"JAYA GROCER Lot G-05, Jalan SS21/60, Damansara Utama, 47400 Selangor",JAYA_GROCER,THE STARLING MALL
"HERO MARKET Jalan PJS 11/20, Bandar Sunway, 47500 Petaling Jaya, Selangor",HERO_MARKET,BANDAR BARU SUNWAY
FAMILYMART Lot G-12 Mid Valley Megamall 59200 Kuala Lumpur,FAMILYMART,MID VALLEY
"HERO MARKET Jalan PJS 11/20, Bandar Sunway, 47500 Petaling Jaya, Selangor",HERO_MARKET,BANDAR BARU SUNWAY
"TE4LIVE Lot G-45, Sunway Pyramid, Bandar Sunway, 47500 Petaling Jaya, Selangor",TEALIVE,SUNWAY PYRAMID
"VILLAGE GROCER Jalan PJU 5/14, Kota Damansara, 47810 Petaling Jaya, Selangor",VILLAGE_GROCER,SUNWAY GIZA
"4EON BIG 100 Persiaran Bayan Indah, 11900 Bayan Lepas, Penang",AEON_BIG,QUEENSBAY MALL
"KFC Lot F-12, Bandar Utama, 47800 Petaling Jaya, Selangor",KFC,BANDAR UTAMA
"VILLAGE GROCER Jalan PJU 5/14, Kota Damansara, 47810 Petaling Jaya, Selangor",VILLAGE_GROCER,SUNWAY GIZA
"TEALIVE 100 Persiaran Bayan Indah, 11900 Bayan Lepas, Penang",TEALIVE,QUEENSBAY MALL
MCDONALDS Lot LG-1 Sunway Pyramid 47500 Petaling Jaya Selangor,MCDONALDS,SUNWAY PYRAMID
"SPEEDMART 99 Jalan SS24/12, 47301 Petaling Jaya, Selangor",SPEEDMART_99,TAMAN MEGAH
"OLDTOWN WHITE COFFEE 100 Persiaran Bayan Indah, 11900 Bayan Lepas, Penang",OLDTOWN_WHITE_COFFEE,QUEENSBAY MALL
"OLDTOWN WHITE COFFEE Lot L2-10, Gateway@KLIA2, 64000 Sepang, Selangor",OLDTOWN_WHITE_COFFEE,KLIA2
"J4Y4 GROCER Lot G-12, Jalan Lingkaran Tengah 2, 53100 Kuala Lumpur",JAYA_GROCER,KL EAST MALL
"MYDIN MYDIN WHOLESALE HYPERMARKET BUKIT MERTAJAM Lot 1234, Jalan Rozhan, Alma, 14000 Bukit Mertajam, Penang",MYDIN,BUKIT MERTAJAM
"OLDTOWN WHITE COFFEE 100 Persiaran Bayan Indah, 11900 Bayan Lepas, Penang",OLDTOWN_WHITE_COFFEE,QUEENSBAY MALL
"KFC Lot F-12, Bandar Utama, 47800 Petaling Jaya, Selangor",KFC,BANDAR UTAMA
"KFC Lot F-12, Bandar Utama, 47800 Petaling Jaya, Selangor",KFC,BANDAR UTAMA
"NSK TRADE CITY Lot 45, Jalan Merbok, 08000 Sungai Petani, Kedah",NSK_TRADE_CITY,SUNGAI PETANI
"JAYA GROC3R Lot LG-102, Bandar Utama, 47800 Petaling Jaya, Selangor",JAYA_GROCER,ONE UTAMA
"J4Y4 GROCER Lot LG-26, Persiaran Gurney, 10250 Pulau Pinang",JAYA_GROCER,GURNEY PARAGON MALL
"S3V3N 3L3V3N Jalan 4ir Itam, 10560 George Town, Penang",SEVEN_ELEVEN,PENANG HILL
"SPEEDM4RT 99 No 3, Jalan Setia Prima, 40170 Setia 4lam, Selangor",SPEEDMART_99,SETIA ALAM
"SPEEDMART 99 Jalan SS24/12, 47301 Petaling Jaya, Selangor",SPEEDMART_99,TAMAN MEGAH
"GIANT Persiaran Setia Alam, 40170 Setia Alam, Selangor",GIANT,SETIA ALAM
"T3ALIV3 Lot G-45, Sunway Pyramid, Bandar Sunway, 47500 Petaling Jaya, Selangor",TEALIVE,SUNWAY PYRAMID
"T3SCO LOTUS Lot 88, Jalan Puchong Jaya, 47100 Puchong, Selangor",TESCO_LOTUS,PUCHONG
"FAMILYMART Jalan SS16/1, 47500 Subang Jaya, Selangor",FAMILYMART,SUBANG PARADE
TEALIVE 100 Persiaran Bayan Indah 11900 Bayan Lepas Penang,TEALIVE,QUEENSBAY MALL
"JAYA GROCER Lot LG-102, Bandar Utama, 47800 Petaling Jaya, Selangor",JAYA_GROCER,ONE UTAMA
"TEALIVE Lot G-45, Sunway Pyramid, Bandar Sunway, 47500 Petaling Jaya, Selangor",TEALIVE,SUNWAY PYRAMID
"MYDIN MYDIN WHOLESALE HYPERMARKET SUBANG JAYA USJ 1, Persiaran Subang Permai, 47600 Subang Jaya, Selangor",MYDIN,SUBANG JAYA
SEVEN ELEVEN Jalan Air Itam 10560 George Town Penang,SEVEN_ELEVEN,PENANG HILL
"NSK TRADE CITY Jalan Sultan Ahmad, 10050 Penang",NSK_TRADE_CITY,PENANG
"NSK TRADE CITY Lot 45, Jalan Merbok, 08000 Sungai Petani, Kedah",NSK_TRADE_CITY,SUNGAI PETANI
"TEALIVE Lot G-45, Sunway Pyramid, Bandar Sunway, 47500 Petaling Jaya, Selangor",TEALIVE,SUNWAY PYRAMID
"HERO M4RKET Jalan PJS 11/20, Bandar Sunway, 47500 Petaling Jaya, Selangor",HERO_MARKET,BANDAR BARU SUNWAY
GIANT Persiaran Setia Alam 40170 Setia Alam Selangor,GIANT,SETIA ALAM
T3SCO LOTUS Lot 789 Jalan Todak 13700 Perai Penang,TESCO_LOTUS,SEBERANG JAYA
"MYDIN MYDIN WHOLESALE HYPERMARKET IPOH Jalan Sultan Azlan Shah, 31400 Ipoh, Perak",MYDIN,IPOH
"FAMILYMART Lot G-12, Mid Valley Megamall, 59200 Kuala Lumpur",FAMILYMART,MID VALLEY
"SP33DMART 99 No 3, Jalan Setia Prima, 40170 Setia Alam, Selangor",SPEEDMART_99,SETIA ALAM
"OLDTOWN WHITE COFFEE 100 Persiaran Bayan Indah, 11900 Bayan Lepas, Penang",OLDTOWN_WHITE_COFFEE,QUEENSBAY MALL
"VILLAG3 GROC3R Jalan PJU 5/14, Kota Damansara, 47810 Petaling Jaya, Selangor",VILLAGE_GROCER,SUNWAY GIZA
"SPEEDMART 99 Jalan Anggerik Vanilla, 40460 Kota Kemuning, Selangor",SPEEDMART_99,KOTA KEMUNING
"HERO MARKET Jalan PJS 11/20, Bandar Sunway, 47500 Petaling Jaya, Selangor",HERO_MARKET,BANDAR BARU SUNWAY
KFC Lot F-12 Bandar Utama 47800 Petaling Jaya Selangor,KFC,BANDAR UTAMA
"JAYA GROCER Lot G-12, Jalan Lingkaran Tengah 2, 53100 Kuala Lumpur",JAYA_GROCER,KL EAST MALL
"FAMILYMART Lot 101, Avenue K, Jalan Ampang, 50088 Kuala Lumpur",FAMILYMART,KLCC
"MCDONALDS Lot 10, KLCC, Jalan Ampang, 50088 Kuala Lumpur",MCDONALDS,KLCC
KFC Lot 6.02 Pavilion Kuala Lumpur 55100 Kuala Lumpur,KFC,PAVILION KL
"OLDTOWN WHITE COFFEE 100 Persiaran Bayan Indah, 11900 Bayan Lepas, Penang",OLDTOWN_WHITE_COFFEE,QUEENSBAY MALL
"GIANT Jalan Sultan Iskandar, 30000 Ipoh, Perak",GIANT,IPOH
"VILLAGE GROCER 1 Lebuh Bandar Utama, 47800 Petaling Jaya, Selangor",VILLAGE_GROCER,ONE UTAMA
"TEALIVE 100 Persiaran Bayan Indah, 11900 Bayan Lepas, Penang",TEALIVE,QUEENSBAY MALL
"GIANT Jalan Sultan Iskandar, 30000 Ipoh, Perak",GIANT,IPOH
"S3V3N 3L3V3N Jalan Air Itam, 10560 George Town, Penang",SEVEN_ELEVEN,PENANG HILL
"VILLAGE GROCER Jalan PJU 5/14, Kota Damansara, 47810 Petaling Jaya, Selangor",VILLAGE_GROCER,SUNWAY GIZA
"OLDTOWN WHITE COFFEE Lot L2-10, Gateway@KLIA2, 64000 Sepang, Selangor",OLDTOWN_WHITE_COFFEE,KLIA2
"JAYA GR0CER Lot LG-102, Bandar Utama, 47800 Petaling Jaya, Selangor",JAYA_GROCER,ONE UTAMA
"SEVEN ELEVEN No. 12, Lorong Maarof, Bangsar, 59000 Kuala Lumpur",SEVEN_ELEVEN,BANGSAR
"OLDTOWN WHIT3 COFF33 Lot L2-10, Gateway@KLIA2, 64000 Sepang, Selangor",OLDTOWN_WHITE_COFFEE,KLIA2
"VILLAGE GROCER Jalan PJU 5/14, Kota Damansara, 47810 Petaling Jaya, Selangor",VILLAGE_GROCER,SUNWAY GIZA
"TESCO LOTUS Lot 3456, Jalan Rozhan, 14000 Bukit Mertajam, Penang",TESCO_LOTUS,ALMA
"TESCO LOTUS Lot 88, Jalan Puchong Jaya, 47100 Puchong, Selangor",TESCO_LOTUS,PUCHONG
"H3RO MARK3T Jalan Desa 2, Taman Desa, 58100 Kuala Lumpur",HERO_MARKET,TAMAN DESA
"TEALIVE 100 Persiaran Bayan Indah, 11900 Bayan Lepas, Penang",TEALIVE,QUEENSBAY MALL
"MYDIN MYDIN WHOLESALE HYPERMARKET BAYAN LEPAS Lot 88, Jalan Sultan Azlan Shah, 11900 Bayan Lepas, Penang",MYDIN,BAYAN LEPAS
"JAYA GROCER Lot G-12, Jalan Lingkaran Tengah 2, 53100 Kuala Lumpur",JAYA_GROCER,KL EAST MALL
"SPEEDMART 99 Jalan Anggerik Vanilla, 40460 Kota Kemuning, Selangor",SPEEDMART_99,KOTA KEMUNING
"KFC Lot 6.02, Pavilion Kuala Lumpur, 55100 Kuala Lumpur",KFC,PAVILION KL
"GIANT Persiaran Setia Alam, 40170 Setia Alam, Selangor",GIANT,SETIA ALAM
"HERO MARKET Jalan Desa 2, Taman Desa, 58100 Kuala Lumpur",HERO_MARKET,TAMAN DESA
"KFC Lot F-12, Bandar Utama, 47800 Petaling Jaya, Selangor",KFC,BANDAR UTAMA
"HERO MARKET Jalan PJS 11/20, Bandar Sunway, 47500 Petaling Jaya, Selangor",HERO_MARKET,BANDAR BARU SUNWAY
"AE0N BIG Persiaran Kewajipan, 47500 Subang Jaya, Selangor",AEON_BIG,SUBANG JAYA
"T3SCO LOTUS Lot 88, Jalan Puchong Jaya, 47100 Puchong, Selangor",TESCO_LOTUS,PUCHONG
"MCDONALDS Lot 10, KLCC, Jalan Ampang, 50088 Kuala Lumpur",MCDONALDS,KLCC
"MYDIN MYDIN WH0LESALE HYPERMARKET BUKIT MERTAJAM Lot 1234, Jalan Rozhan, Alma, 14000 Bukit Mertajam, Penang",MYDIN,BUKIT MERTAJAM
GIANT Jalan Haji Abdul Wahab 08000 Sungai Petani Kedah,GIANT,SUNGAI PETANI
"SEVEN ELEVEN No. 12, Lorong Maarof, Bangsar, 59000 Kuala Lumpur",SEVEN_ELEVEN,BANGSAR
"SP33DMART 99 Jalan Anggerik Vanilla, 40460 Kota Kemuning, Selangor",SPEEDMART_99,KOTA KEMUNING
"TESCO LOTUS Lot 88, Jalan Puchong Jaya, 47100 Puchong, Selangor",TESCO_LOTUS,PUCHONG
"SEVEN ELEVEN No. 12, Lorong Maarof, Bangsar, 59000 Kuala Lumpur",SEVEN_ELEVEN,BANGSAR
"MYDIN MYDIN WHOLES4LE HYPERM4RKET SUB4NG J4Y4 USJ 1, Persiaran Subang Permai, 47600 Subang Jaya, Selangor",MYDIN,SUBANG JAYA
"MCDONALDS Lot 10, KLCC, Jalan Ampang, 50088 Kuala Lumpur",MCDONALDS,KLCC
"TEALIVE 100 Persiaran Bayan Indah, 11900 Bayan Lepas, Penang",TEALIVE,QUEENSBAY MALL
"SPEEDMART 99 Jalan Anggerik Vanilla, 40460 Kota Kemuning, Selangor",SPEEDMART_99,KOTA KEMUNING
JAYA GROCER Lot LG-102 Bandar Utama 47800 Petaling Jaya Selangor,JAYA_GROCER,ONE UTAMA
"SP33DMART 99 Jalan SS15/8, 47500 Subang Jaya, Selangor",SPEEDMART_99,SS15
"HERO MARKET Jalan PJS 11/20, Bandar Sunway, 47500 Petaling Jaya, Selangor",HERO_MARKET,BANDAR BARU SUNWAY
"TESCO LOTUS Lot 789, Jalan Todak, 13700 Perai, Penang",TESCO_LOTUS,SEBERANG JAYA
"SEVEN ELEVEN No. 12, Lorong Maarof, Bangsar, 59000 Kuala Lumpur",SEVEN_ELEVEN,BANGSAR
"HERO MARKET Jalan PJS 11/20, Bandar Sunway, 47500 Petaling Jaya, Selangor",HERO_MARKET,BANDAR BARU SUNWAY
SP33DMART 99 Jalan SS15/8 47500 Subang Jaya Selangor,SPEEDMART_99,SS15
"FAMILYMART Jalan SS16/1, 47500 Subang Jaya, Selangor",FAMILYMART,SUBANG PARADE
"KFC Lot 6.02, Pavilion Kuala Lumpur, 55100 Kuala Lumpur",KFC,PAVILION KL
"MCDONALDS Lot 10, KLCC, Jalan Ampang, 50088 Kuala Lumpur",MCDONALDS,KLCC
"HERO MARKET Jalan PJS 11/20, Bandar Sunway, 47500 Petaling Jaya, Selangor",HERO_MARKET,BANDAR BARU SUNWAY
"MYDIN MYDIN WHOLESALE HYPERMARKET IPOH Jalan Sultan Azlan Shah, 31400 Ipoh, Perak",MYDIN,IPOH
"TEALIVE 100 Persiaran Bayan Indah, 11900 Bayan Lepas, Penang",TEALIVE,QUEENSBAY MALL
SPEEDM4RT 99 Jalan 4nggerik Vanilla 40460 Kota Kemuning Selangor,SPEEDMART_99,KOTA KEMUNING
"HERO MARKET Jalan Desa 2, Taman Desa, 58100 Kuala Lumpur",HERO_MARKET,TAMAN DESA
"TESCO LOTUS Lot 3456, Jalan Rozhan, 14000 Bukit Mertajam, Penang",TESCO_LOTUS,ALMA
"SPEEDMART 99 Jalan SS15/8, 47500 Subang Jaya, Selangor",SPEEDMART_99,SS15
"VILLAGE GROCER Jalan PJU 5/14, Kota Damansara, 47810 Petaling Jaya, Selangor",VILLAGE_GROCER,SUNWAY GIZA
"HERO MARKET Jalan Desa 2, Taman Desa, 58100 Kuala Lumpur",HERO_MARKET,TAMAN DESA
"T3ALIV3 Lot G-45, Sunway Pyramid, Bandar Sunway, 47500 Petaling Jaya, Selangor",TEALIVE,SUNWAY PYRAMID
"SEVEN ELEVEN Jalan Air Itam, 10560 George Town, Penang",SEVEN_ELEVEN,PENANG HILL
"SPEEDM4RT 99 No 3, Jalan Setia Prima, 40170 Setia 4lam, Selangor",SPEEDMART_99,SETIA ALAM
"AEON BIG 100 Persiaran Bayan Indah, 11900 Bayan Lepas, Penang",AEON_BIG,QUEENSBAY MALL
"KFC Lot F-12, Bandar Utama, 47800 Petaling Jaya, Selangor",KFC,BANDAR UTAMA
VILLAGE GROCER 1 Lebuh Bandar Utama 47800 Petaling Jaya Selangor,VILLAGE_GROCER,ONE UTAMA
"FAMILYMART Lot G-12, Mid Valley Megamall, 59200 Kuala Lumpur",FAMILYMART,MID VALLEY
TESCO LOTUS Lot 3456 Jalan Rozhan 14000 Bukit Mertajam Penang,TESCO_LOTUS,ALMA
"SPEEDMART 99 Jalan SS15/8, 47500 Subang Jaya, Selangor",SPEEDMART_99,SS15
"SEVEN ELEVEN No. 12, Lorong Maarof, Bangsar, 59000 Kuala Lumpur",SEVEN_ELEVEN,BANGSAR
"MYDIN MYDIN WHOLESALE HYPERMARKET BUKIT MERTAJAM Lot 1234, Jalan Rozhan, Alma, 14000 Bukit Mertajam, Penang",MYDIN,BUKIT MERTAJAM
"4EON BIG 100 Persiaran Bayan Indah, 11900 Bayan Lepas, Penang",AEON_BIG,QUEENSBAY MALL
"TESC0 L0TUS Lot 3456, Jalan Rozhan, 14000 Bukit Mertajam, Penang",TESCO_LOTUS,ALMA
"GIANT Jalan Sultan Iskandar, 30000 Ipoh, Perak",GIANT,IPOH
"TESCO LOTUS Lot 789, Jalan Todak, 13700 Perai, Penang",TESCO_LOTUS,SEBERANG JAYA
"TESCO LOTUS Lot 88, Jalan Puchong Jaya, 47100 Puchong, Selangor",TESCO_LOTUS,PUCHONG
"GIANT Jalan Sultan Iskandar, 30000 Ipoh, Perak",GIANT,IPOH
"A3ON BIG Persiaran Kewajipan, 47500 Subang Jaya, Selangor",AEON_BIG,SUBANG JAYA
"SEVEN ELEVEN No. 12, Lorong Maarof, Bangsar, 59000 Kuala Lumpur",SEVEN_ELEVEN,BANGSAR
"JAYA GROCER Lot LG-18, Jalan Putra, 50350 Kuala Lumpur",JAYA_GROCER,SUNWAY PUTRA MALL
"OLDTOWN WHITE COFFEE 100 Persiaran Bayan Indah, 11900 Bayan Lepas, Penang",OLDTOWN_WHITE_COFFEE,QUEENSBAY MALL
"FAMILYMART Jalan SS16/1, 47500 Subang Jaya, Selangor",FAMILYMART,SUBANG PARADE
"SEVEN ELEVEN Jalan Air Itam, 10560 George Town, Penang",SEVEN_ELEVEN,PENANG HILL
"KFC Lot 6.02, Pavilion Kuala Lumpur, 55100 Kuala Lumpur",KFC,PAVILION KL
"TESCO LOTUS Lot 3456, Jalan Rozhan, 14000 Bukit Mertajam, Penang",TESCO_LOTUS,ALMA
"F4MILYM4RT Jalan SS16/1, 47500 Subang Jaya, Selangor",FAMILYMART,SUBANG PARADE
KFC Lot F-12 Bandar Utama 47800 Petaling Jaya Selangor,KFC,BANDAR UTAMA
J4Y4 GROCER Lot LG-102 Bandar Utama 47800 Petaling Jaya Selangor,JAYA_GROCER,ONE UTAMA
"VILLAGE GROCER 1 Lebuh Bandar Utama, 47800 Petaling Jaya, Selangor",VILLAGE_GROCER,ONE UTAMA
"SPEEDMART 99 Jalan SS24/12, 47301 Petaling Jaya, Selangor",SPEEDMART_99,TAMAN MEGAH
"SPEEDMART 99 No 3, Jalan Setia Prima, 40170 Setia Alam, Selangor",SPEEDMART_99,SETIA ALAM
"JAYA GROCER Lot G-05, Jalan SS21/60, Damansara Utama, 47400 Selangor",JAYA_GROCER,THE STARLING MALL
"KFC Lot 6.02, Pavilion Kuala Lumpur, 55100 Kuala Lumpur",KFC,PAVILION KL
"TESCO LOTUS Lot 88, Jalan Puchong Jaya, 47100 Puchong, Selangor",TESCO_LOTUS,PUCHONG
"FAMILYMART Lot G-12, Mid Valley Megamall, 59200 Kuala Lumpur",FAMILYMART,MID VALLEY
"KFC Lot 6.02, Pavilion Kuala Lumpur, 55100 Kuala Lumpur",KFC,PAVILION KL
"MCDONALDS Lot 10, KLCC, Jalan Ampang, 50088 Kuala Lumpur",MCDONALDS,KLCC
NSK TRADE CITY Lot 45 Jalan Merbok 08000 Sungai Petani Kedah,NSK_TRADE_CITY,SUNGAI PETANI
"TEALIVE 100 Persiaran Bayan Indah, 11900 Bayan Lepas, Penang",TEALIVE,QUEENSBAY MALL
"SEVEN ELEVEN No. 12, Lorong Maarof, Bangsar, 59000 Kuala Lumpur",SEVEN_ELEVEN,BANGSAR
"KFC Lot 6.02, Pavilion Kuala Lumpur, 55100 Kuala Lumpur",KFC,PAVILION KL
"J4Y4 GROC3R Lot G-05, Jalan SS21/60, Damansara Utama, 47400 Selangor",JAYA_GROCER,THE STARLING MALL
"NSK TRADE CITY Jalan Besar, 09000 Kulim, Kedah",NSK_TRADE_CITY,KULIM
"MYDIN MYDIN WHOLESALE HYPERMARKET IPOH Jalan Sultan Azlan Shah, 31400 Ipoh, Perak",MYDIN,IPOH
"AEON BIG 100 Persiaran Bayan Indah, 11900 Bayan Lepas, Penang",AEON_BIG,QUEENSBAY MALL
"JAYA GROCER Lot LG-26, Persiaran Gurney, 10250 Pulau Pinang",JAYA_GROCER,GURNEY PARAGON MALL
"KFC Lot F-12, Bandar Utama, 47800 Petaling Jaya, Selangor",KFC,BANDAR UTAMA
"FAMILYMART Lot 101, Avenue K, Jalan Ampang, 50088 Kuala Lumpur",FAMILYMART,KLCC
"OLDTOWN WHITE COFFEE Lot L2-10, Gateway@KLIA2, 64000 Sepang, Selangor",OLDTOWN_WHITE_COFFEE,KLIA2
"FAMILYMART Lot 101, Avenue K, Jalan Ampang, 50088 Kuala Lumpur",FAMILYMART,KLCC
"KFC Lot F-12, Bandar Utama, 47800 Petaling Jaya, Selangor",KFC,BANDAR UTAMA
"JAYA GROC3R Lot LG-102, Bandar Utama, 47800 Petaling Jaya, Selangor",JAYA_GROCER,ONE UTAMA
OLDTOWN WHITE COFFEE 100 Persiaran Bayan Indah 11900 Bayan Lepas Penang,OLDTOWN_WHITE_COFFEE,QUEENSBAY MALL
"AEON BIG Persiaran Kewajipan, 47500 Subang Jaya, Selangor",AEON_BIG,SUBANG JAYA
"MYDIN MYDIN WH0LESALE HYPERMARKET SUBANG JAYA USJ 1, Persiaran Subang Permai, 47600 Subang Jaya, Selangor",MYDIN,SUBANG JAYA
GIANT Persiaran Setia Alam 40170 Setia Alam Selangor,GIANT,SETIA ALAM
"TEALIVE 100 Persiaran Bayan Indah, 11900 Bayan Lepas, Penang",TEALIVE,QUEENSBAY MALL
TEALIVE 100 Persiaran Bayan Indah 11900 Bayan Lepas Penang,TEALIVE,QUEENSBAY MALL
"KFC Lot F-12, Bandar Utama, 47800 Petaling Jaya, Selangor",KFC,BANDAR UTAMA
J4Y4 GROCER Lot G-12 Jalan Lingkaran Tengah 2 53100 Kuala Lumpur,JAYA_GROCER,KL EAST MALL
"TESCO LOTUS Lot 3456, Jalan Rozhan, 14000 Bukit Mertajam, Penang",TESCO_LOTUS,ALMA
"0LDT0WN WHITE C0FFEE Lot L2-10, Gateway@KLI42, 64000 Sepang, Selangor",OLDTOWN_WHITE_COFFEE,KLIA2
"SEVEN ELEVEN No. 12, Lorong Maarof, Bangsar, 59000 Kuala Lumpur",SEVEN_ELEVEN,BANGSAR
"OLDTOWN WHITE COFFEE Lot L2-10, Gateway@KLI42, 64000 Sepang, Selangor",OLDTOWN_WHITE_COFFEE,KLIA2
"SEVEN ELEVEN Jalan 4ir Itam, 10560 George Town, Penang",SEVEN_ELEVEN,PENANG HILL
"MYDIN MYDIN WHOL3SAL3 HYP3RMARK3T SUBANG JAYA USJ 1, Persiaran Subang Permai, 47600 Subang Jaya, Selangor",MYDIN,SUBANG JAYA
"A3ON BIG 100 Persiaran Bayan Indah, 11900 Bayan Lepas, Penang",AEON_BIG,QUEENSBAY MALL
"S3V3N 3L3V3N No. 12, Lorong Maarof, Bangsar, 59000 Kuala Lumpur",SEVEN_ELEVEN,BANGSAR
"KFC Lot F-12, Bandar Utama, 47800 Petaling Jaya, Selangor",KFC,BANDAR UTAMA
"GIANT Jalan Sultan Iskandar, 30000 Ipoh, Perak",GIANT,IPOH
"KFC Lot F-12, Bandar Utama, 47800 Petaling Jaya, Selangor",KFC,BANDAR UTAMA
"T3ALIV3 100 Persiaran Bayan Indah, 11900 Bayan Lepas, Penang",TEALIVE,QUEENSBAY MALL
"NSK TRAD3 CITY Jalan Sultan Ahmad, 10050 Penang",NSK_TRADE_CITY,PENANG
"TESCO LOTUS Lot 88, Jalan Puchong Jaya, 47100 Puchong, Selangor",TESCO_LOTUS,PUCHONG
"MCDONALDS Lot LG-1, Sunway Pyramid, 47500 Petaling Jaya, Selangor",MCDONALDS,SUNWAY PYRAMID
"OLDTOWN WHITE COFFEE 100 Persiaran Bayan Indah, 11900 Bayan Lepas, Penang",OLDTOWN_WHITE_COFFEE,QUEENSBAY MALL
"TESCO LOTUS Lot 88, Jalan Puchong Jaya, 47100 Puchong, Selangor",TESCO_LOTUS,PUCHONG
"GIANT Jalan Sultan Iskandar, 30000 Ipoh, Perak",GIANT,IPOH
"TEALIVE Lot G-45, Sunway Pyramid, Bandar Sunway, 47500 Petaling Jaya, Selangor",TEALIVE,SUNWAY PYRAMID
"OLDTOWN WHITE COFFEE Lot L2-10, Gateway@KLIA2, 64000 Sepang, Selangor",OLDTOWN_WHITE_COFFEE,KLIA2
"SEVEN ELEVEN No. 12, Lorong Maarof, Bangsar, 59000 Kuala Lumpur",SEVEN_ELEVEN,BANGSAR
"SPEEDMART 99 Jalan Sultan Azlan Shah, 11900 Bayan Lepas, Penang",SPEEDMART_99,BAYAN LEPAS
"KFC Lot 6.02, Pavilion Kuala Lumpur, 55100 Kuala Lumpur",KFC,PAVILION KL
"AEON BIG Persiaran Kewajipan, 47500 Subang Jaya, Selangor",AEON_BIG,SUBANG JAYA
"FAMILYMART Lot G-12, Mid Valley Megamall, 59200 Kuala Lumpur",FAMILYMART,MID VALLEY
"JAYA GROCER Lot G-05, Jalan SS21/60, Damansara Utama, 47400 Selangor",JAYA_GROCER,THE STARLING MALL
"FAMILYMART Jalan SS16/1, 47500 Subang Jaya, Selangor",FAMILYMART,SUBANG PARADE
"GIANT Jalan Haji Abdul Wahab, 08000 Sungai Petani, Kedah",GIANT,SUNGAI PETANI
VILLAGE GROCER 1 Lebuh Bandar Utama 47800 Petaling Jaya Selangor,VILLAGE_GROCER,ONE UTAMA
"GIANT Persiaran Setia Alam, 40170 Setia Alam, Selangor",GIANT,SETIA ALAM
"MYDIN MYDIN WHOLESALE HYPERMARKET BUKIT MERTAJAM Lot 1234, Jalan Rozhan, Alma, 14000 Bukit Mertajam, Penang",MYDIN,BUKIT MERTAJAM
"VILLAG3 GROC3R 1 Lebuh Bandar Utama, 47800 Petaling Jaya, Selangor",VILLAGE_GROCER,ONE UTAMA
"FAMILYMART Jalan SS16/1, 47500 Subang Jaya, Selangor",FAMILYMART,SUBANG PARADE
"TE4LIVE 100 Persiaran Bayan Indah, 11900 Bayan Lepas, Penang",TEALIVE,QUEENSBAY MALL
"GIANT Jalan Haji Abdul Wahab, 08000 Sungai Petani, Kedah",GIANT,SUNGAI PETANI
"FAMILYMART Lot G-12, Mid Valley Megamall, 59200 Kuala Lumpur",FAMILYMART,MID VALLEY
"AEON BIG 100 Persiaran Bayan Indah, 11900 Bayan Lepas, Penang",AEON_BIG,QUEENSBAY MALL
"SPEEDMART 99 Jalan Sultan Azlan Shah, 11900 Bayan Lepas, Penang",SPEEDMART_99,BAYAN LEPAS
KFC Lot 6.02 Pavilion Kuala Lumpur 55100 Kuala Lumpur,KFC,PAVILION KL
TESCO LOTUS Lot 3456 Jalan Rozhan 14000 Bukit Mertajam Penang,TESCO_LOTUS,ALMA
TESCO LOTUS Lot 789 Jalan Todak 13700 Perai Penang,TESCO_LOTUS,SEBERANG JAYA
"MCD0NALDS Lot 10, KLCC, Jalan Ampang, 50088 Kuala Lumpur",MCDONALDS,KLCC
"HERO M4RKET Jalan PJS 11/20, Bandar Sunway, 47500 Petaling Jaya, Selangor",HERO_MARKET,BANDAR BARU SUNWAY
"AEON BIG Persiaran Kewajipan, 47500 Subang Jaya, Selangor",AEON_BIG,SUBANG JAYA
"MCDONALDS Lot 10, KLCC, Jalan Ampang, 50088 Kuala Lumpur",MCDONALDS,KLCC
"OLDTOWN WHITE COFFEE Lot L2-10, Gateway@KLIA2, 64000 Sepang, Selangor",OLDTOWN_WHITE_COFFEE,KLIA2
SP33DM4RT 99 Jalan SS24/12 47301 Petaling Jaya Selangor,SPEEDMART_99,TAMAN MEGAH
"AEON BIG 100 Persiaran Bayan Indah, 11900 Bayan Lepas, Penang",AEON_BIG,QUEENSBAY MALL
"JAYA GROCER Lot LG-18, Jalan Putra, 50350 Kuala Lumpur",JAYA_GROCER,SUNWAY PUTRA MALL
"OLDTOWN WHITE COFFEE Lot L2-10, Gateway@KLIA2, 64000 Sepang, Selangor",OLDTOWN_WHITE_COFFEE,KLIA2
VILLAGE GR0CER 1 Lebuh Bandar Utama 47800 Petaling Jaya Selangor,VILLAGE_GROCER,ONE UTAMA
"TESCO LOTUS Lot 88, Jalan Puchong Jaya, 47100 Puchong, Selangor",TESCO_LOTUS,PUCHONG
"NSK TRADE CITY Jalan Sultan Ahmad, 10050 Penang",NSK_TRADE_CITY,PENANG
"FAMILYMART Lot G-12, Mid Valley Megamall, 59200 Kuala Lumpur",FAMILYMART,MID VALLEY
"MYDIN MYDIN WHOLESALE HYPERMARKET BAYAN LEPAS Lot 88, Jalan Sultan Azlan Shah, 11900 Bayan Lepas, Penang",MYDIN,BAYAN LEPAS
"MYDIN MYDIN WHOLESALE HYPERMARKET BUKIT MERTAJAM Lot 1234, Jalan Rozhan, Alma, 14000 Bukit Mertajam, Penang",MYDIN,BUKIT MERTAJAM
"MCDONALDS Lot 10, KLCC, Jalan Ampang, 50088 Kuala Lumpur",MCDONALDS,KLCC
"OLDTOWN WHITE COFFEE Lot L2-10, Gateway@KLIA2, 64000 Sepang, Selangor",OLDTOWN_WHITE_COFFEE,KLIA2
"OLDTOWN WHITE COFFEE 100 Persiaran Bayan Indah, 11900 Bayan Lepas, Penang",OLDTOWN_WHITE_COFFEE,QUEENSBAY MALL
"SPEEDM4RT 99 Jalan Sultan 4zlan Shah, 11900 Bayan Lepas, Penang",SPEEDMART_99,BAYAN LEPAS
"OLDTOWN WHITE COFFEE Lot L2-10, Gateway@KLI42, 64000 Sepang, Selangor",OLDTOWN_WHITE_COFFEE,KLIA2
GIANT Persiaran Setia Alam 40170 Setia Alam Selangor,GIANT,SETIA ALAM
"MYDIN MYDIN WHOL3SAL3 HYP3RMARK3T IPOH Jalan Sultan Azlan Shah, 31400 Ipoh, Perak",MYDIN,IPOH
"KFC Lot 6.02, Pavilion Kuala Lumpur, 55100 Kuala Lumpur",KFC,PAVILION KL
"FAMILYMART Lot 101, Avenue K, Jalan Ampang, 50088 Kuala Lumpur",FAMILYMART,KLCC
"S3V3N 3L3V3N No. 12, Lorong Maarof, Bangsar, 59000 Kuala Lumpur",SEVEN_ELEVEN,BANGSAR
"TESCO LOTUS Lot 88, Jalan Puchong Jaya, 47100 Puchong, Selangor",TESCO_LOTUS,PUCHONG
"HERO MARKET Jalan PJS 11/20, Bandar Sunway, 47500 Petaling Jaya, Selangor",HERO_MARKET,BANDAR BARU SUNWAY
"J4Y4 GROCER Lot G-05, Jalan SS21/60, Damansara Utama, 47400 Selangor",JAYA_GROCER,THE STARLING MALL
"SPEEDMART 99 Jalan Anggerik Vanilla, 40460 Kota Kemuning, Selangor",SPEEDMART_99,KOTA KEMUNING
"NSK TRADE CITY Lot 45, Jalan Merbok, 08000 Sungai Petani, Kedah",NSK_TRADE_CITY,SUNGAI PETANI
"MCDONALDS Lot 10, KLCC, Jalan Ampang, 50088 Kuala Lumpur",MCDONALDS,KLCC
"FAMILYMART Jalan SS16/1, 47500 Subang Jaya, Selangor",FAMILYMART,SUBANG PARADE
"FAMILYMART Jalan SS16/1, 47500 Subang Jaya, Selangor",FAMILYMART,SUBANG PARADE
"MCDONALDS Lot 10, KLCC, Jalan Ampang, 50088 Kuala Lumpur",MCDONALDS,KLCC
"AE0N BIG 100 Persiaran Bayan Indah, 11900 Bayan Lepas, Penang",AEON_BIG,QUEENSBAY MALL
"AEON BIG 100 Persiaran Bayan Indah, 11900 Bayan Lepas, Penang",AEON_BIG,QUEENSBAY MALL
NSK TR4DE CITY Jalan Besar 09000 Kulim Kedah,NSK_TRADE_CITY,KULIM
"4EON BIG Persiaran Kewajipan, 47500 Subang Jaya, Selangor",AEON_BIG,SUBANG JAYA
"SEVEN ELEVEN Jalan Air Itam, 10560 George Town, Penang",SEVEN_ELEVEN,PENANG HILL
"NSK TRADE CITY Jalan Besar, 09000 Kulim, Kedah",NSK_TRADE_CITY,KULIM
"AEON BIG Persiaran Kewajipan, 47500 Subang Jaya, Selangor",AEON_BIG,SUBANG JAYA
"AEON BIG 100 Persiaran Bayan Indah, 11900 Bayan Lepas, Penang",AEON_BIG,QUEENSBAY MALL
"SPEEDMART 99 No 3, Jalan Setia Prima, 40170 Setia Alam, Selangor",SPEEDMART_99,SETIA ALAM
"A3ON BIG 100 Persiaran Bayan Indah, 11900 Bayan Lepas, Penang",AEON_BIG,QUEENSBAY MALL
"H3RO MARK3T Jalan PJS 11/20, Bandar Sunway, 47500 Petaling Jaya, Selangor",HERO_MARKET,BANDAR BARU SUNWAY
"T3SCO LOTUS Lot 88, Jalan Puchong Jaya, 47100 Puchong, Selangor",TESCO_LOTUS,PUCHONG
"J4Y4 GROCER Lot LG-26, Persiaran Gurney, 10250 Pulau Pinang",JAYA_GROCER,GURNEY PARAGON MALL
"JAYA GR0CER Lot LG-102, Bandar Utama, 47800 Petaling Jaya, Selangor",JAYA_GROCER,ONE UTAMA
"NSK TRADE CITY Jalan Sultan Ahmad, 10050 Penang",NSK_TRADE_CITY,PENANG
"AEON BIG 100 Persiaran Bayan Indah, 11900 Bayan Lepas, Penang",AEON_BIG,QUEENSBAY MALL
"VILLAGE GROCER Jalan PJU 5/14, Kota Damansara, 47810 Petaling Jaya, Selangor",VILLAGE_GROCER,SUNWAY GIZA
"NSK TRADE CITY Jalan Sultan Ahmad, 10050 Penang",NSK_TRADE_CITY,PENANG
HERO MARKET Jalan Desa 2 Taman Desa 58100 Kuala Lumpur,HERO_MARKET,TAMAN DESA
"SPEEDMART 99 Jalan SS15/8, 47500 Subang Jaya, Selangor",SPEEDMART_99,SS15
"VILLAGE GROCER Jalan PJU 5/14, Kota Damansara, 47810 Petaling Jaya, Selangor",VILLAGE_GROCER,SUNWAY GIZA
"OLDTOWN WHITE COFFEE 100 Persiaran Bayan Indah, 11900 Bayan Lepas, Penang",OLDTOWN_WHITE_COFFEE,QUEENSBAY MALL
"JAYA GROCER Lot G-05, Jalan SS21/60, Damansara Utama, 47400 Selangor",JAYA_GROCER,THE STARLING MALL
"MCDONALDS Lot 10, KLCC, Jalan Ampang, 50088 Kuala Lumpur",MCDONALDS,KLCC
JAYA GROCER Lot LG-102 Bandar Utama 47800 Petaling Jaya Selangor,JAYA_GROCER,ONE UTAMA
"SEVEN ELEVEN Jalan Air Itam, 10560 George Town, Penang",SEVEN_ELEVEN,PENANG HILL
"HERO MARKET Jalan PJS 11/20, Bandar Sunway, 47500 Petaling Jaya, Selangor",HERO_MARKET,BANDAR BARU SUNWAY
"TESCO LOTUS Lot 789, Jalan Todak, 13700 Perai, Penang",TESCO_LOTUS,SEBERANG JAYA
"JAYA GROCER Lot LG-102, Bandar Utama, 47800 Petaling Jaya, Selangor",JAYA_GROCER,ONE UTAMA
"MYDIN MYDIN WHOLESALE HYPERMARKET KUANTAN Jalan Gambut, 25300 Kuantan, Pahang",MYDIN,KUANTAN
"HERO MARKET Jalan PJS 11/20, Bandar Sunway, 47500 Petaling Jaya, Selangor",HERO_MARKET,BANDAR BARU SUNWAY
"FAMILYMART Lot 101, Avenue K, Jalan Ampang, 50088 Kuala Lumpur",FAMILYMART,KLCC
"GIANT Jalan Sultan Iskandar, 30000 Ipoh, Perak",GIANT,IPOH
"OLDTOWN WHITE COFFEE Lot L2-10, Gateway@KLIA2, 64000 Sepang, Selangor",OLDTOWN_WHITE_COFFEE,KLIA2
"SPEEDMART 99 No 3, Jalan Setia Prima, 40170 Setia Alam, Selangor",SPEEDMART_99,SETIA ALAM
"TEALIVE 100 Persiaran Bayan Indah, 11900 Bayan Lepas, Penang",TEALIVE,QUEENSBAY MALL
"JAYA GROCER Lot LG-18, Jalan Putra, 50350 Kuala Lumpur",JAYA_GROCER,SUNWAY PUTRA MALL
"SPEEDM4RT 99 Jalan SS24/12, 47301 Petaling Jaya, Selangor",SPEEDMART_99,TAMAN MEGAH
"MYDIN MYDIN WHOLESALE HYPERMARKET BAYAN LEPAS Lot 88, Jalan Sultan Azlan Shah, 11900 Bayan Lepas, Penang",MYDIN,BAYAN LEPAS
"VILLAGE GROCER 1 Lebuh Bandar Utama, 47800 Petaling Jaya, Selangor",VILLAGE_GROCER,ONE UTAMA
"FAMILYMART Lot 101, Avenue K, Jalan Ampang, 50088 Kuala Lumpur",FAMILYMART,KLCC
"VILLAG3 GROC3R 1 Lebuh Bandar Utama, 47800 Petaling Jaya, Selangor",VILLAGE_GROCER,ONE UTAMA
"FAMILYMART Jalan SS16/1, 47500 Subang Jaya, Selangor",FAMILYMART,SUBANG PARADE
MYDIN MYDIN WHOL3S4L3 HYP3RM4RK3T KU4NT4N Jalan Gambut 25300 Kuantan Pahang,MYDIN,KUANTAN
"KFC Lot F-12, Bandar Utama, 47800 Petaling Jaya, Selangor",KFC,BANDAR UTAMA
"SPEEDMART 99 Jalan Sultan Azlan Shah, 11900 Bayan Lepas, Penang",SPEEDMART_99,BAYAN LEPAS
"VILLAGE GROCER 1 Lebuh Bandar Utama, 47800 Petaling Jaya, Selangor",VILLAGE_GROCER,ONE UTAMA
"MYDIN MYDIN WHOLESALE HYPERMARKET BAYAN LEPAS Lot 88, Jalan Sultan Azlan Shah, 11900 Bayan Lepas, Penang",MYDIN,BAYAN LEPAS
"HERO M4RKET Jalan PJS 11/20, Bandar Sunway, 47500 Petaling Jaya, Selangor",HERO_MARKET,BANDAR BARU SUNWAY
"TESCO LOTUS Lot 88, Jalan Puchong Jaya, 47100 Puchong, Selangor",TESCO_LOTUS,PUCHONG
"VILLAGE GR0CER Jalan PJU 5/14, Kota Damansara, 47810 Petaling Jaya, Selangor",VILLAGE_GROCER,SUNWAY GIZA
"TE4LIVE 100 Persiaran Bayan Indah, 11900 Bayan Lepas, Penang",TEALIVE,QUEENSBAY MALL
"JAYA GROCER Lot LG-18, Jalan Putra, 50350 Kuala Lumpur",JAYA_GROCER,SUNWAY PUTRA MALL
"HERO MARKET Jalan PJS 11/20, Bandar Sunway, 47500 Petaling Jaya, Selangor",HERO_MARKET,BANDAR BARU SUNWAY
"MCDON4LDS Lot 10, KLCC, Jalan 4mpang, 50088 Kuala Lumpur",MCDONALDS,KLCC
"SPEEDMART 99 Jalan SS24/12, 47301 Petaling Jaya, Selangor",SPEEDMART_99,TAMAN MEGAH
"NSK TRADE CITY Jalan Sultan Ahmad, 10050 Penang",NSK_TRADE_CITY,PENANG
"MCDONALDS Lot 10, KLCC, Jalan Ampang, 50088 Kuala Lumpur",MCDONALDS,KLCC
"FAMILYMART Lot G-12, Mid Valley Megamall, 59200 Kuala Lumpur",FAMILYMART,MID VALLEY
"SEVEN ELEVEN No. 12, Lorong Maarof, Bangsar, 59000 Kuala Lumpur",SEVEN_ELEVEN,BANGSAR
"AEON BIG 100 Persiaran Bayan Indah, 11900 Bayan Lepas, Penang",AEON_BIG,QUEENSBAY MALL
TEALIVE 100 Persiaran Bayan Indah 11900 Bayan Lepas Penang,TEALIVE,QUEENSBAY MALL
KFC Lot F-12 Bandar Utama 47800 Petaling Jaya Selangor,KFC,BANDAR UTAMA
"SEVEN ELEVEN Jalan Air Itam, 10560 George Town, Penang",SEVEN_ELEVEN,PENANG HILL
"AEON BIG Persiaran Kewajipan, 47500 Subang Jaya, Selangor",AEON_BIG,SUBANG JAYA
GI4NT Persiaran Setia 4lam 40170 Setia 4lam Selangor,GIANT,SETIA ALAM
"SPEEDMART 99 Jalan Anggerik Vanilla, 40460 Kota Kemuning, Selangor",SPEEDMART_99,KOTA KEMUNING
"FAMILYMART Lot G-12, Mid Valley Megamall, 59200 Kuala Lumpur",FAMILYMART,MID VALLEY
"VILL4GE GROCER 1 Lebuh Bandar Utama, 47800 Petaling Jaya, Selangor",VILLAGE_GROCER,ONE UTAMA
"AE0N BIG Persiaran Kewajipan, 47500 Subang Jaya, Selangor",AEON_BIG,SUBANG JAYA
"AEON BIG 100 Persiaran Bayan Indah, 11900 Bayan Lepas, Penang",AEON_BIG,QUEENSBAY MALL
TEALIVE Lot G-45 Sunway Pyramid Bandar Sunway 47500 Petaling Jaya Selangor,TEALIVE,SUNWAY PYRAMID
"SEVEN ELEVEN No. 12, Lorong Maarof, Bangsar, 59000 Kuala Lumpur",SEVEN_ELEVEN,BANGSAR
"OLDTOWN WHITE COFFEE 100 Persiaran Bayan Indah, 11900 Bayan Lepas, Penang",OLDTOWN_WHITE_COFFEE,QUEENSBAY MALL
"KFC Lot 6.02, Pavilion Kuala Lumpur, 55100 Kuala Lumpur",KFC,PAVILION KL
"SP33DMART 99 Jalan SS15/8, 47500 Subang Jaya, Selangor",SPEEDMART_99,SS15
"MYDIN MYDIN WH0LESALE HYPERMARKET IP0H Jalan Sultan Azlan Shah, 31400 Ipoh, Perak",MYDIN,IPOH
"HERO M4RKET Jalan PJS 11/20, Bandar Sunway, 47500 Petaling Jaya, Selangor",HERO_MARKET,BANDAR BARU SUNWAY
"HERO M4RKET Jalan Desa 2, Taman Desa, 58100 Kuala Lumpur",HERO_MARKET,TAMAN DESA
"VILLAGE GROCER Jalan PJU 5/14, Kota Damansara, 47810 Petaling Jaya, Selangor",VILLAGE_GROCER,SUNWAY GIZA
MCD0NALDS Lot 10 KLCC Jalan Ampang 50088 Kuala Lumpur,MCDONALDS,KLCC
OLDTOWN WHITE COFFEE Lot L2-10 Gateway@KLIA2 64000 Sepang Selangor,OLDTOWN_WHITE_COFFEE,KLIA2
"NSK TRADE CITY Lot 45, Jalan Merbok, 08000 Sungai Petani, Kedah",NSK_TRADE_CITY,SUNGAI PETANI
"SEVEN ELEVEN No. 12, Lorong Maarof, Bangsar, 59000 Kuala Lumpur",SEVEN_ELEVEN,BANGSAR
"FAMILYMART Lot 101, Avenue K, Jalan Ampang, 50088 Kuala Lumpur",FAMILYMART,KLCC
"NSK TR4DE CITY Jalan Sultan 4hmad, 10050 Penang",NSK_TRADE_CITY,PENANG
"FAMILYMART Jalan SS16/1, 47500 Subang Jaya, Selangor",FAMILYMART,SUBANG PARADE
"SEVEN ELEVEN No. 12, Lorong Maarof, Bangsar, 59000 Kuala Lumpur",SEVEN_ELEVEN,BANGSAR
"MCDON4LDS Lot LG-1, Sunway Pyramid, 47500 Petaling Jaya, Selangor",MCDONALDS,SUNWAY PYRAMID
"SPEEDMART 99 No 3, Jalan Setia Prima, 40170 Setia Alam, Selangor",SPEEDMART_99,SETIA ALAM
"MCDONALDS Lot 10, KLCC, Jalan Ampang, 50088 Kuala Lumpur",MCDONALDS,KLCC
"NSK TRADE CITY Jalan Sultan Ahmad, 10050 Penang",NSK_TRADE_CITY,PENANG
"JAYA GROCER Lot G-05, Jalan SS21/60, Damansara Utama, 47400 Selangor",JAYA_GROCER,THE STARLING MALL
"SEVEN ELEVEN No. 12, Lorong Maarof, Bangsar, 59000 Kuala Lumpur",SEVEN_ELEVEN,BANGSAR
TEALIVE Lot G-45 Sunway Pyramid Bandar Sunway 47500 Petaling Jaya Selangor,TEALIVE,SUNWAY PYRAMID
"MCDONALDS Lot LG-1, Sunway Pyramid, 47500 Petaling Jaya, Selangor",MCDONALDS,SUNWAY PYRAMID
"AEON BIG Persiaran Kewajipan, 47500 Subang Jaya, Selangor",AEON_BIG,SUBANG JAYA
"TEALIVE Lot G-45, Sunway Pyramid, Bandar Sunway, 47500 Petaling Jaya, Selangor",TEALIVE,SUNWAY PYRAMID
"JAYA GROCER Lot G-05, Jalan SS21/60, Damansara Utama, 47400 Selangor",JAYA_GROCER,THE STARLING MALL
AEON BIG 100 Persiaran Bayan Indah 11900 Bayan Lepas Penang,AEON_BIG,QUEENSBAY MALL
"T3SCO LOTUS Lot 3456, Jalan Rozhan, 14000 Bukit Mertajam, Penang",TESCO_LOTUS,ALMA
"JAYA GROC3R Lot G-05, Jalan SS21/60, Damansara Utama, 47400 Selangor",JAYA_GROCER,THE STARLING MALL
"SEVEN ELEVEN No. 12, Lorong Maarof, Bangsar, 59000 Kuala Lumpur",SEVEN_ELEVEN,BANGSAR
"VILL4GE GROCER Jalan PJU 5/14, Kota Damansara, 47810 Petaling Jaya, Selangor",VILLAGE_GROCER,SUNWAY GIZA
"MYDIN MYDIN WHOLESALE HYPERMARKET IPOH Jalan Sultan Azlan Shah, 31400 Ipoh, Perak",MYDIN,IPOH
"JAYA GROCER Lot LG-18, Jalan Putra, 50350 Kuala Lumpur",JAYA_GROCER,SUNWAY PUTRA MALL
"OLDTOWN WHITE COFFEE 100 Persiaran Bayan Indah, 11900 Bayan Lepas, Penang",OLDTOWN_WHITE_COFFEE,QUEENSBAY MALL
TE4LIVE Lot G-45 Sunway Pyramid Bandar Sunway 47500 Petaling Jaya Selangor,TEALIVE,SUNWAY PYRAMID
"NSK TRAD3 CITY Jalan Besar, 09000 Kulim, Kedah",NSK_TRADE_CITY,KULIM
"SEVEN ELEVEN No. 12, Lorong Maarof, Bangsar, 59000 Kuala Lumpur",SEVEN_ELEVEN,BANGSAR
"TESCO LOTUS Lot 88, Jalan Puchong Jaya, 47100 Puchong, Selangor",TESCO_LOTUS,PUCHONG
SEVEN ELEVEN Jalan Air Itam 10560 George Town Penang,SEVEN_ELEVEN,PENANG HILL
"VILLAGE GROCER Jalan PJU 5/14, Kota Damansara, 47810 Petaling Jaya, Selangor",VILLAGE_GROCER,SUNWAY GIZA
"VILLAGE GROCER Jalan PJU 5/14, Kota Damansara, 47810 Petaling Jaya, Selangor",VILLAGE_GROCER,SUNWAY GIZA
"JAYA GROCER Lot LG-26, Persiaran Gurney, 10250 Pulau Pinang",JAYA_GROCER,GURNEY PARAGON MALL
"NSK TRADE CITY Lot 45, Jalan Merbok, 08000 Sungai Petani, Kedah",NSK_TRADE_CITY,SUNGAI PETANI
"JAYA GROCER Lot LG-26, Persiaran Gurney, 10250 Pulau Pinang",JAYA_GROCER,GURNEY PARAGON MALL
FAMILYMART Jalan SS16/1 47500 Subang Jaya Selangor,FAMILYMART,SUBANG PARADE
"MCDONALDS Lot LG-1, Sunway Pyramid, 47500 Petaling Jaya, Selangor",MCDONALDS,SUNWAY PYRAMID
"TEALIVE Lot G-45, Sunway Pyramid, Bandar Sunway, 47500 Petaling Jaya, Selangor",TEALIVE,SUNWAY PYRAMID
"OLDTOWN WHITE COFFEE 100 Persiaran Bayan Indah, 11900 Bayan Lepas, Penang",OLDTOWN_WHITE_COFFEE,QUEENSBAY MALL
"JAYA GROCER Lot LG-102, Bandar Utama, 47800 Petaling Jaya, Selangor",JAYA_GROCER,ONE UTAMA
"KFC Lot F-12, Bandar Utama, 47800 Petaling Jaya, Selangor",KFC,BANDAR UTAMA
"MCDONALDS Lot 10, KLCC, Jalan Ampang, 50088 Kuala Lumpur",MCDONALDS,KLCC
"AEON BIG 100 Persiaran Bayan Indah, 11900 Bayan Lepas, Penang",AEON_BIG,QUEENSBAY MALL
"MCDONALDS Lot LG-1, Sunway Pyramid, 47500 Petaling Jaya, Selangor",MCDONALDS,SUNWAY PYRAMID
"KFC Lot F-12, Bandar Utama, 47800 Petaling Jaya, Selangor",KFC,BANDAR UTAMA
"NSK TRADE CITY Jalan Sultan Ahmad, 10050 Penang",NSK_TRADE_CITY,PENANG
"FAMILYMART Lot G-12, Mid Valley Megamall, 59200 Kuala Lumpur",FAMILYMART,MID VALLEY
"NSK TRADE CITY Jalan Sultan Ahmad, 10050 Penang",NSK_TRADE_CITY,PENANG
"0LDT0WN WHITE C0FFEE Lot L2-10, Gateway@KLIA2, 64000 Sepang, Selangor",OLDTOWN_WHITE_COFFEE,KLIA2
"MYDIN MYDIN WHOLESALE HYPERMARKET BUKIT MERTAJAM Lot 1234, Jalan Rozhan, Alma, 14000 Bukit Mertajam, Penang",MYDIN,BUKIT MERTAJAM
"NSK TRADE CITY Jalan Besar, 09000 Kulim, Kedah",NSK_TRADE_CITY,KULIM
"OLDTOWN WHITE COFFEE 100 Persiaran Bayan Indah, 11900 Bayan Lepas, Penang",OLDTOWN_WHITE_COFFEE,QUEENSBAY MALL
"FAMILYMART Lot 101, Avenue K, Jalan Ampang, 50088 Kuala Lumpur",FAMILYMART,KLCC
"HERO MARKET Jalan Desa 2, Taman Desa, 58100 Kuala Lumpur",HERO_MARKET,TAMAN DESA
"MYDIN MYDIN WHOL3SAL3 HYP3RMARK3T BUKIT M3RTAJAM Lot 1234, Jalan Rozhan, Alma, 14000 Bukit Mertajam, Penang",MYDIN,BUKIT MERTAJAM
"HERO MARKET Jalan PJS 11/20, Bandar Sunway, 47500 Petaling Jaya, Selangor",HERO_MARKET,BANDAR BARU SUNWAY
"SPEEDMART 99 Jalan SS15/8, 47500 Subang Jaya, Selangor",SPEEDMART_99,SS15
"GIANT Persiaran Setia Alam, 40170 Setia Alam, Selangor",GIANT,SETIA ALAM
SPEEDM4RT 99 Jalan Sultan 4zlan Shah 11900 Bayan Lepas Penang,SPEEDMART_99,BAYAN LEPAS
"KFC Lot 6.02, Pavilion Kuala Lumpur, 55100 Kuala Lumpur",KFC,PAVILION KL
"TESCO LOTUS Lot 3456, Jalan Rozhan, 14000 Bukit Mertajam, Penang",TESCO_LOTUS,ALMA
"MCDONALDS Lot LG-1, Sunway Pyramid, 47500 Petaling Jaya, Selangor",MCDONALDS,SUNWAY PYRAMID
"SEVEN ELEVEN Jalan Air Itam, 10560 George Town, Penang",SEVEN_ELEVEN,PENANG HILL
"OLDTOWN WHITE COFFEE Lot L2-10, Gateway@KLIA2, 64000 Sepang, Selangor",OLDTOWN_WHITE_COFFEE,KLIA2
"AEON BIG Persiaran Kewajipan, 47500 Subang Jaya, Selangor",AEON_BIG,SUBANG JAYA
"SPEEDMART 99 Jalan Anggerik Vanilla, 40460 Kota Kemuning, Selangor",SPEEDMART_99,KOTA KEMUNING
"GIANT Persiaran Setia Alam, 40170 Setia Alam, Selangor",GIANT,SETIA ALAM
"NSK TRADE CITY Jalan Sultan Ahmad, 10050 Penang",NSK_TRADE_CITY,PENANG
SEVEN ELEVEN Jalan Air Itam 10560 George Town Penang,SEVEN_ELEVEN,PENANG HILL
J4Y4 GR0C3R Lot LG-18 Jalan Putra 50350 Kuala Lumpur,JAYA_GROCER,SUNWAY PUTRA MALL
"TESCO LOTUS Lot 789, Jalan Todak, 13700 Perai, Penang",TESCO_LOTUS,SEBERANG JAYA
"TESCO LOTUS Lot 789, Jalan Todak, 13700 Perai, Penang",TESCO_LOTUS,SEBERANG JAYA
H3R0 MARK3T Jalan Desa 2 Taman Desa 58100 Kuala Lumpur,HERO_MARKET,TAMAN DESA
"FAMILYMART Jalan SS16/1, 47500 Subang Jaya, Selangor",FAMILYMART,SUBANG PARADE
"VILLAG3 GROC3R Jalan PJU 5/14, Kota Damansara, 47810 Petaling Jaya, Selangor",VILLAGE_GROCER,SUNWAY GIZA
"NSK TRAD3 CITY Jalan Besar, 09000 Kulim, Kedah",NSK_TRADE_CITY,KULIM
"OLDTOWN WHIT3 COFF33 100 Persiaran Bayan Indah, 11900 Bayan Lepas, Penang",OLDTOWN_WHITE_COFFEE,QUEENSBAY MALL
"MYDIN MYDIN WHOLESALE HYPERMARKET BUKIT MERTAJAM Lot 1234, Jalan Rozhan, Alma, 14000 Bukit Mertajam, Penang",MYDIN,BUKIT MERTAJAM
"TESCO LOTUS Lot 3456, Jalan Rozhan, 14000 Bukit Mertajam, Penang",TESCO_LOTUS,ALMA
"T3ALIV3 Lot G-45, Sunway Pyramid, Bandar Sunway, 47500 Petaling Jaya, Selangor",TEALIVE,SUNWAY PYRAMID
"KFC Lot F-12, Bandar Utama, 47800 Petaling Jaya, Selangor",KFC,BANDAR UTAMA
"T3ALIV3 100 Persiaran Bayan Indah, 11900 Bayan Lepas, Penang",TEALIVE,QUEENSBAY MALL
"VILLAG3 GROC3R 1 Lebuh Bandar Utama, 47800 Petaling Jaya, Selangor",VILLAGE_GROCER,ONE UTAMA
"KFC Lot 6.02, Pavilion Kuala Lumpur, 55100 Kuala Lumpur",KFC,PAVILION KL
"OLDTOWN WHITE COFFEE Lot L2-10, Gateway@KLIA2, 64000 Sepang, Selangor",OLDTOWN_WHITE_COFFEE,KLIA2
"FAMILYMART Jalan SS16/1, 47500 Subang Jaya, Selangor",FAMILYMART,SUBANG PARADE
"MCDONALDS Lot LG-1, Sunway Pyramid, 47500 Petaling Jaya, Selangor",MCDONALDS,SUNWAY PYRAMID
"GIANT Jalan Sultan Iskandar, 30000 Ipoh, Perak",GIANT,IPOH
"0LDT0WN WHIT3 C0FF33 Lot L2-10, Gateway@KLI42, 64000 Sepang, Selangor",OLDTOWN_WHITE_COFFEE,KLIA2
"T3ALIV3 Lot G-45, Sunway Pyramid, Bandar Sunway, 47500 Petaling Jaya, Selangor",TEALIVE,SUNWAY PYRAMID
"S3V3N 3L3V3N No. 12, Lorong Maarof, Bangsar, 59000 Kuala Lumpur",SEVEN_ELEVEN,BANGSAR
"TESCO LOTUS Lot 88, Jalan Puchong Jaya, 47100 Puchong, Selangor",TESCO_LOTUS,PUCHONG
"TEALIVE Lot G-45, Sunway Pyramid, Bandar Sunway, 47500 Petaling Jaya, Selangor",TEALIVE,SUNWAY PYRAMID
"TESCO LOTUS Lot 88, Jalan Puchong Jaya, 47100 Puchong, Selangor",TESCO_LOTUS,PUCHONG
"J4Y4 GROCER Lot G-05, Jalan SS21/60, Damansara Utama, 47400 Selangor",JAYA_GROCER,THE STARLING MALL
"TEALIVE Lot G-45, Sunway Pyramid, Bandar Sunway, 47500 Petaling Jaya, Selangor",TEALIVE,SUNWAY PYRAMID
"VILLAGE GROCER Jalan PJU 5/14, Kota Damansara, 47810 Petaling Jaya, Selangor",VILLAGE_GROCER,SUNWAY GIZA
"NSK TRADE CITY Lot 45, Jalan Merbok, 08000 Sungai Petani, Kedah",NSK_TRADE_CITY,SUNGAI PETANI
"HERO MARKET Jalan Desa 2, Taman Desa, 58100 Kuala Lumpur",HERO_MARKET,TAMAN DESA
"MCDONALDS Lot LG-1, Sunway Pyramid, 47500 Petaling Jaya, Selangor",MCDONALDS,SUNWAY PYRAMID
"KFC Lot 6.02, Pavilion Kuala Lumpur, 55100 Kuala Lumpur",KFC,PAVILION KL
"MYDIN MYDIN WHOLESALE HYPERMARKET KUANTAN Jalan Gambut, 25300 Kuantan, Pahang",MYDIN,KUANTAN
"HERO MARKET Jalan PJS 11/20, Bandar Sunway, 47500 Petaling Jaya, Selangor",HERO_MARKET,BANDAR BARU SUNWAY
"F4MILYM4RT Lot 101, 4venue K, Jalan 4mpang, 50088 Kuala Lumpur",FAMILYMART,KLCC
"SPEEDMART 99 Jalan Anggerik Vanilla, 40460 Kota Kemuning, Selangor",SPEEDMART_99,KOTA KEMUNING
"SEVEN ELEVEN Jalan Air Itam, 10560 George Town, Penang",SEVEN_ELEVEN,PENANG HILL
"KFC Lot 6.02, Pavilion Kuala Lumpur, 55100 Kuala Lumpur",KFC,PAVILION KL
"HERO M4RKET Jalan Desa 2, Taman Desa, 58100 Kuala Lumpur",HERO_MARKET,TAMAN DESA
"HERO MARKET Jalan Desa 2, Taman Desa, 58100 Kuala Lumpur",HERO_MARKET,TAMAN DESA
VILLAGE GROCER 1 Lebuh Bandar Utama 47800 Petaling Jaya Selangor,VILLAGE_GROCER,ONE UTAMA
"FAMILYMART Lot 101, Avenue K, Jalan Ampang, 50088 Kuala Lumpur",FAMILYMART,KLCC
"VILLAGE GROCER Jalan PJU 5/14, Kota Damansara, 47810 Petaling Jaya, Selangor",VILLAGE_GROCER,SUNWAY GIZA
"OLDTOWN WHITE COFFEE Lot L2-10, Gateway@KLI42, 64000 Sepang, Selangor",OLDTOWN_WHITE_COFFEE,KLIA2
AEON BIG Persiaran Kewajipan 47500 Subang Jaya Selangor,AEON_BIG,SUBANG JAYA
"KFC Lot F-12, Bandar Utama, 47800 Petaling Jaya, Selangor",KFC,BANDAR UTAMA
"TESCO LOTUS Lot 3456, Jalan Rozhan, 14000 Bukit Mertajam, Penang",TESCO_LOTUS,ALMA
"AE0N BIG 100 Persiaran Bayan Indah, 11900 Bayan Lepas, Penang",AEON_BIG,QUEENSBAY MALL
JAYA GROC3R Lot G-12 Jalan Lingkaran Tengah 2 53100 Kuala Lumpur,JAYA_GROCER,KL EAST MALL
OLDTOWN WHITE COFFEE 100 Persiaran Bayan Indah 11900 Bayan Lepas Penang,OLDTOWN_WHITE_COFFEE,QUEENSBAY MALL
"MYDIN MYDIN WHOLESALE HYPERMARKET BAYAN LEPAS Lot 88, Jalan Sultan Azlan Shah, 11900 Bayan Lepas, Penang",MYDIN,BAYAN LEPAS
"SEVEN ELEVEN Jalan Air Itam, 10560 George Town, Penang",SEVEN_ELEVEN,PENANG HILL
"AEON BIG 100 Persiaran Bayan Indah, 11900 Bayan Lepas, Penang",AEON_BIG,QUEENSBAY MALL
"SPEEDM4RT 99 Jalan Sultan 4zlan Shah, 11900 Bayan Lepas, Penang",SPEEDMART_99,BAYAN LEPAS
"MYDIN MYDIN WHOLES4LE HYPERM4RKET IPOH Jalan Sultan 4zlan Shah, 31400 Ipoh, Perak",MYDIN,IPOH
"HERO M4RKET Jalan Desa 2, Taman Desa, 58100 Kuala Lumpur",HERO_MARKET,TAMAN DESA
GIANT Jalan Haji Abdul Wahab 08000 Sungai Petani Kedah,GIANT,SUNGAI PETANI
"SEVEN ELEVEN No. 12, Lorong Maarof, Bangsar, 59000 Kuala Lumpur",SEVEN_ELEVEN,BANGSAR
"GIANT Persiaran Setia Alam, 40170 Setia Alam, Selangor",GIANT,SETIA ALAM
"GIANT Jalan Haji Abdul Wahab, 08000 Sungai Petani, Kedah",GIANT,SUNGAI PETANI
MYDIN MYDIN WHOLESALE HYPERMARKET BAYAN LEPAS Lot 88 Jalan Sultan Azlan Shah 11900 Bayan Lepas Penang,MYDIN,BAYAN LEPAS
HERO MARKET Jalan Desa 2 Taman Desa 58100 Kuala Lumpur,HERO_MARKET,TAMAN DESA
FAMILYMART Jalan SS16/1 47500 Subang Jaya Selangor,FAMILYMART,SUBANG PARADE
"GIANT Jalan Sultan Iskandar, 30000 Ipoh, Perak",GIANT,IPOH
"TESCO LOTUS Lot 88, Jalan Puchong Jaya, 47100 Puchong, Selangor",TESCO_LOTUS,PUCHONG
"AE0N BIG Persiaran Kewajipan, 47500 Subang Jaya, Selangor",AEON_BIG,SUBANG JAYA
"43ON BIG Persiaran Kewajipan, 47500 Subang Jaya, Selangor",AEON_BIG,SUBANG JAYA
"GIANT Jalan Sultan Iskandar, 30000 Ipoh, Perak",GIANT,IPOH
"TEALIVE 100 Persiaran Bayan Indah, 11900 Bayan Lepas, Penang",TEALIVE,QUEENSBAY MALL
"JAYA GROCER Lot LG-26, Persiaran Gurney, 10250 Pulau Pinang",JAYA_GROCER,GURNEY PARAGON MALL
"GIANT Jalan Sultan Iskandar, 30000 Ipoh, Perak",GIANT,IPOH
TE4LIVE Lot G-45 Sunway Pyramid Bandar Sunway 47500 Petaling Jaya Selangor,TEALIVE,SUNWAY PYRAMID
"SPEEDM4RT 99 Jalan SS15/8, 47500 Subang Jaya, Selangor",SPEEDMART_99,SS15
"AEON BIG 100 Persiaran Bayan Indah, 11900 Bayan Lepas, Penang",AEON_BIG,QUEENSBAY MALL
"TESCO LOTUS Lot 3456, Jalan Rozhan, 14000 Bukit Mertajam, Penang",TESCO_LOTUS,ALMA
"GIANT Jalan Sultan Iskandar, 30000 Ipoh, Perak",GIANT,IPOH
"OLDTOWN WHITE COFFEE 100 Persiaran Bayan Indah, 11900 Bayan Lepas, Penang",OLDTOWN_WHITE_COFFEE,QUEENSBAY MALL
"SPEEDMART 99 Jalan Anggerik Vanilla, 40460 Kota Kemuning, Selangor",SPEEDMART_99,KOTA KEMUNING
"VILLAGE GR0CER 1 Lebuh Bandar Utama, 47800 Petaling Jaya, Selangor",VILLAGE_GROCER,ONE UTAMA
"JAYA GROCER Lot LG-102, Bandar Utama, 47800 Petaling Jaya, Selangor",JAYA_GROCER,ONE UTAMA
"0LDT0WN WHITE C0FFEE 100 Persiaran Bayan Indah, 11900 Bayan Lepas, Penang",OLDTOWN_WHITE_COFFEE,QUEENSBAY MALL
"SPEEDMART 99 Jalan SS24/12, 47301 Petaling Jaya, Selangor",SPEEDMART_99,TAMAN MEGAH
"TE4LIVE 100 Persiaran Bayan Indah, 11900 Bayan Lepas, Penang",TEALIVE,QUEENSBAY MALL
"J4Y4 GROCER Lot G-12, Jalan Lingkaran Tengah 2, 53100 Kuala Lumpur",JAYA_GROCER,KL EAST MALL
"KFC Lot 6.02, Pavilion Kuala Lumpur, 55100 Kuala Lumpur",KFC,PAVILION KL
"GIANT Jalan Sultan Iskandar, 30000 Ipoh, Perak",GIANT,IPOH
"VILLAGE GROCER Jalan PJU 5/14, Kota Damansara, 47810 Petaling Jaya, Selangor",VILLAGE_GROCER,SUNWAY GIZA
"OLDTOWN WHITE COFFEE Lot L2-10, Gateway@KLI42, 64000 Sepang, Selangor",OLDTOWN_WHITE_COFFEE,KLIA2
"FAMILYMART Jalan SS16/1, 47500 Subang Jaya, Selangor",FAMILYMART,SUBANG PARADE
"SEVEN ELEVEN Jalan Air Itam, 10560 George Town, Penang",SEVEN_ELEVEN,PENANG HILL
"TESCO LOTUS Lot 3456, Jalan Rozhan, 14000 Bukit Mertajam, Penang",TESCO_LOTUS,ALMA
"HER0 MARKET Jalan Desa 2, Taman Desa, 58100 Kuala Lumpur",HERO_MARKET,TAMAN DESA
"MCDONALDS Lot LG-1, Sunway Pyramid, 47500 Petaling Jaya, Selangor",MCDONALDS,SUNWAY PYRAMID
"SEVEN ELEVEN No. 12, Lorong Maarof, Bangsar, 59000 Kuala Lumpur",SEVEN_ELEVEN,BANGSAR
"MCDONALDS Lot LG-1, Sunway Pyramid, 47500 Petaling Jaya, Selangor",MCDONALDS,SUNWAY PYRAMID
"HERO MARKET Jalan Desa 2, Taman Desa, 58100 Kuala Lumpur",HERO_MARKET,TAMAN DESA
J4Y4 GROC3R Lot G-05 Jalan SS21/60 Damansara Utama 47400 Selangor,JAYA_GROCER,THE STARLING MALL
"AEON BIG Persiaran Kewajipan, 47500 Subang Jaya, Selangor",AEON_BIG,SUBANG JAYA
SEVEN ELEVEN Jalan Air Itam 10560 George Town Penang,SEVEN_ELEVEN,PENANG HILL
GIANT Persiaran Setia Alam 40170 Setia Alam Selangor,GIANT,SETIA ALAM
"KFC Lot F-12, Bandar Utama, 47800 Petaling Jaya, Selangor",KFC,BANDAR UTAMA
"NSK TR4D3 CITY Lot 45, Jalan Merbok, 08000 Sungai Petani, Kedah",NSK_TRADE_CITY,SUNGAI PETANI
"KFC Lot F-12, Bandar Utama, 47800 Petaling Jaya, Selangor",KFC,BANDAR UTAMA
TESCO LOTUS Lot 88 Jalan Puchong Jaya 47100 Puchong Selangor,TESCO_LOTUS,PUCHONG
"TEALIVE 100 Persiaran Bayan Indah, 11900 Bayan Lepas, Penang",TEALIVE,QUEENSBAY MALL
"GIANT Jalan Sultan Iskandar, 30000 Ipoh, Perak",GIANT,IPOH
"GI4NT Jalan Haji 4bdul Wahab, 08000 Sungai Petani, Kedah",GIANT,SUNGAI PETANI
"FAMILYMART Lot G-12, Mid Valley Megamall, 59200 Kuala Lumpur",FAMILYMART,MID VALLEY
"HERO MARKET Jalan PJS 11/20, Bandar Sunway, 47500 Petaling Jaya, Selangor",HERO_MARKET,BANDAR BARU SUNWAY
TEALIVE 100 Persiaran Bayan Indah 11900 Bayan Lepas Penang,TEALIVE,QUEENSBAY MALL
"KFC Lot F-12, Bandar Utama, 47800 Petaling Jaya, Selangor",KFC,BANDAR UTAMA
"SP33DMART 99 No 3, Jalan Setia Prima, 40170 Setia Alam, Selangor",SPEEDMART_99,SETIA ALAM
"TESCO LOTUS Lot 88, Jalan Puchong Jaya, 47100 Puchong, Selangor",TESCO_LOTUS,PUCHONG
"F4MILYM4RT Lot 101, 4venue K, Jalan 4mpang, 50088 Kuala Lumpur",FAMILYMART,KLCC
"HERO M4RKET Jalan PJS 11/20, Bandar Sunway, 47500 Petaling Jaya, Selangor",HERO_MARKET,BANDAR BARU SUNWAY
"JAYA GROCER Lot LG-26, Persiaran Gurney, 10250 Pulau Pinang",JAYA_GROCER,GURNEY PARAGON MALL
"SEVEN ELEVEN No. 12, Lorong Maarof, Bangsar, 59000 Kuala Lumpur",SEVEN_ELEVEN,BANGSAR
OLDTOWN WHIT3 COFF33 Lot L2-10 Gateway@KLIA2 64000 Sepang Selangor,OLDTOWN_WHITE_COFFEE,KLIA2
"VILL4GE GROCER 1 Lebuh Bandar Utama, 47800 Petaling Jaya, Selangor",VILLAGE_GROCER,ONE UTAMA
"HERO MARKET Jalan PJS 11/20, Bandar Sunway, 47500 Petaling Jaya, Selangor",HERO_MARKET,BANDAR BARU SUNWAY
"NSK TRAD3 CITY Jalan Sultan Ahmad, 10050 Penang",NSK_TRADE_CITY,PENANG
"TE4LIVE 100 Persiaran Bayan Indah, 11900 Bayan Lepas, Penang",TEALIVE,QUEENSBAY MALL
"SEVEN ELEVEN No. 12, Lorong Maarof, Bangsar, 59000 Kuala Lumpur",SEVEN_ELEVEN,BANGSAR
"A3ON BIG 100 Persiaran Bayan Indah, 11900 Bayan Lepas, Penang",AEON_BIG,QUEENSBAY MALL
"SEVEN ELEVEN Jalan Air Itam, 10560 George Town, Penang",SEVEN_ELEVEN,PENANG HILL
"TESCO LOTUS Lot 789, Jalan Todak, 13700 Perai, Penang",TESCO_LOTUS,SEBERANG JAYA
"SPEEDMART 99 Jalan Sultan Azlan Shah, 11900 Bayan Lepas, Penang",SPEEDMART_99,BAYAN LEPAS
"MCDONALDS Lot 10, KLCC, Jalan Ampang, 50088 Kuala Lumpur",MCDONALDS,KLCC
"FAMILYMART Lot 101, Avenue K, Jalan Ampang, 50088 Kuala Lumpur",FAMILYMART,KLCC
"MCDON4LDS Lot 10, KLCC, Jalan 4mpang, 50088 Kuala Lumpur",MCDONALDS,KLCC
"S3V3N 3L3V3N Jalan Air Itam, 10560 George Town, Penang",SEVEN_ELEVEN,PENANG HILL
"VILLAGE GROCER 1 Lebuh Bandar Utama, 47800 Petaling Jaya, Selangor",VILLAGE_GROCER,ONE UTAMA
"NSK TR4DE CITY Lot 45, Jalan Merbok, 08000 Sungai Petani, Kedah",NSK_TRADE_CITY,SUNGAI PETANI
"SEVEN ELEVEN Jalan Air Itam, 10560 George Town, Penang",SEVEN_ELEVEN,PENANG HILL
"HERO MARKET Jalan PJS 11/20, Bandar Sunway, 47500 Petaling Jaya, Selangor",HERO_MARKET,BANDAR BARU SUNWAY
"GIANT Jalan Sultan Iskandar, 30000 Ipoh, Perak",GIANT,IPOH
"MCDON4LDS Lot LG-1, Sunway Pyramid, 47500 Petaling Jaya, Selangor",MCDONALDS,SUNWAY PYRAMID
"HERO M4RKET Jalan Desa 2, Taman Desa, 58100 Kuala Lumpur",HERO_MARKET,TAMAN DESA
"KFC Lot F-12, Bandar Utama, 47800 Petaling Jaya, Selangor",KFC,BANDAR UTAMA
AEON BIG 100 Persiaran Bayan Indah 11900 Bayan Lepas Penang,AEON_BIG,QUEENSBAY MALL
"FAMILYMART Lot G-12, Mid Valley Megamall, 59200 Kuala Lumpur",FAMILYMART,MID VALLEY
"NSK TR4DE CITY Lot 45, Jalan Merbok, 08000 Sungai Petani, Kedah",NSK_TRADE_CITY,SUNGAI PETANI
"MYDIN MYDIN WHOLESALE HYPERMARKET BAYAN LEPAS Lot 88, Jalan Sultan Azlan Shah, 11900 Bayan Lepas, Penang",MYDIN,BAYAN LEPAS
"FAMILYMART Lot G-12, Mid Valley Megamall, 59200 Kuala Lumpur",FAMILYMART,MID VALLEY
TEALIVE Lot G-45 Sunway Pyramid Bandar Sunway 47500 Petaling Jaya Selangor,TEALIVE,SUNWAY PYRAMID
"TEALIVE 100 Persiaran Bayan Indah, 11900 Bayan Lepas, Penang",TEALIVE,QUEENSBAY MALL
"GIANT Jalan Sultan Iskandar, 30000 Ipoh, Perak",GIANT,IPOH
JAYA GROCER Lot LG-102 Bandar Utama 47800 Petaling Jaya Selangor,JAYA_GROCER,ONE UTAMA
"GIANT Jalan Sultan Iskandar, 30000 Ipoh, Perak",GIANT,IPOH
"GIANT Persiaran Setia Alam, 40170 Setia Alam, Selangor",GIANT,SETIA ALAM
"H3RO MARK3T Jalan PJS 11/20, Bandar Sunway, 47500 Petaling Jaya, Selangor",HERO_MARKET,BANDAR BARU SUNWAY
"SPEEDMART 99 Jalan SS15/8, 47500 Subang Jaya, Selangor",SPEEDMART_99,SS15
"VILLAGE GROCER Jalan PJU 5/14, Kota Damansara, 47810 Petaling Jaya, Selangor",VILLAGE_GROCER,SUNWAY GIZA
"FAMILYMART Jalan SS16/1, 47500 Subang Jaya, Selangor",FAMILYMART,SUBANG PARADE
"MCDONALDS Lot 10, KLCC, Jalan Ampang, 50088 Kuala Lumpur",MCDONALDS,KLCC
"HER0 MARKET Jalan Desa 2, Taman Desa, 58100 Kuala Lumpur",HERO_MARKET,TAMAN DESA
MCDONALDS Lot 10 KLCC Jalan Ampang 50088 Kuala Lumpur,MCDONALDS,KLCC
"KFC Lot 6.02, Pavilion Kuala Lumpur, 55100 Kuala Lumpur",KFC,PAVILION KL
"NSK TR4DE CITY Lot 45, Jalan Merbok, 08000 Sungai Petani, Kedah",NSK_TRADE_CITY,SUNGAI PETANI
"J4Y4 GROCER Lot G-12, Jalan Lingkaran Tengah 2, 53100 Kuala Lumpur",JAYA_GROCER,KL EAST MALL
"VILLAGE GROCER 1 Lebuh Bandar Utama, 47800 Petaling Jaya, Selangor",VILLAGE_GROCER,ONE UTAMA
"KFC Lot 6.02, Pavilion Kuala Lumpur, 55100 Kuala Lumpur",KFC,PAVILION KL
"FAMILYMART Jalan SS16/1, 47500 Subang Jaya, Selangor",FAMILYMART,SUBANG PARADE
"AEON BIG 100 Persiaran Bayan Indah, 11900 Bayan Lepas, Penang",AEON_BIG,QUEENSBAY MALL
"HER0 MARKET Jalan PJS 11/20, Bandar Sunway, 47500 Petaling Jaya, Selangor",HERO_MARKET,BANDAR BARU SUNWAY
"GIANT Jalan Haji Abdul Wahab, 08000 Sungai Petani, Kedah",GIANT,SUNGAI PETANI
"4EON BIG 100 Persiaran Bayan Indah, 11900 Bayan Lepas, Penang",AEON_BIG,QUEENSBAY MALL
"MCDONALDS Lot LG-1, Sunway Pyramid, 47500 Petaling Jaya, Selangor",MCDONALDS,SUNWAY PYRAMID
MYDIN MYDIN WH0LESALE HYPERMARKET BUKIT MERTAJAM Lot 1234 Jalan Rozhan Alma 14000 Bukit Mertajam Penang,MYDIN,BUKIT MERTAJAM
"MCDON4LDS Lot 10, KLCC, Jalan 4mpang, 50088 Kuala Lumpur",MCDONALDS,KLCC
"AEON BIG 100 Persiaran Bayan Indah, 11900 Bayan Lepas, Penang",AEON_BIG,QUEENSBAY MALL
"SPEEDMART 99 Jalan Anggerik Vanilla, 40460 Kota Kemuning, Selangor",SPEEDMART_99,KOTA KEMUNING
"SEVEN ELEVEN Jalan Air Itam, 10560 George Town, Penang",SEVEN_ELEVEN,PENANG HILL
"F4MILYM4RT Lot G-12, Mid Valley Megamall, 59200 Kuala Lumpur",FAMILYMART,MID VALLEY
"NSK TRAD3 CITY Jalan Besar, 09000 Kulim, Kedah",NSK_TRADE_CITY,KULIM
"KFC Lot F-12, Bandar Utama, 47800 Petaling Jaya, Selangor",KFC,BANDAR UTAMA
"H3RO MARK3T Jalan Desa 2, Taman Desa, 58100 Kuala Lumpur",HERO_MARKET,TAMAN DESA
"TESCO LOTUS Lot 789, Jalan Todak, 13700 Perai, Penang",TESCO_LOTUS,SEBERANG JAYA
"GIANT Persiaran Setia Alam, 40170 Setia Alam, Selangor",GIANT,SETIA ALAM
"MCDON4LDS Lot LG-1, Sunway Pyramid, 47500 Petaling Jaya, Selangor",MCDONALDS,SUNWAY PYRAMID
"AEON BIG Persiaran Kewajipan, 47500 Subang Jaya, Selangor",AEON_BIG,SUBANG JAYA
"JAYA GROCER Lot G-05, Jalan SS21/60, Damansara Utama, 47400 Selangor",JAYA_GROCER,THE STARLING MALL
"OLDTOWN WHITE COFFEE Lot L2-10, Gateway@KLI42, 64000 Sepang, Selangor",OLDTOWN_WHITE_COFFEE,KLIA2
"MYDIN MYDIN WHOLES4LE HYPERM4RKET IPOH Jalan Sultan 4zlan Shah, 31400 Ipoh, Perak",MYDIN,IPOH
"NSK TRADE CITY Jalan Sultan Ahmad, 10050 Penang",NSK_TRADE_CITY,PENANG
"OLDTOWN WHIT3 COFF33 100 Persiaran Bayan Indah, 11900 Bayan Lepas, Penang",OLDTOWN_WHITE_COFFEE,QUEENSBAY MALL
"MYDIN MYDIN WHOLESALE HYPERMARKET BAYAN LEPAS Lot 88, Jalan Sultan Azlan Shah, 11900 Bayan Lepas, Penang",MYDIN,BAYAN LEPAS
TESCO LOTUS Lot 3456 Jalan Rozhan 14000 Bukit Mertajam Penang,TESCO_LOTUS,ALMA
"OLDTOWN WHITE COFFEE 100 Persiaran Bayan Indah, 11900 Bayan Lepas, Penang",OLDTOWN_WHITE_COFFEE,QUEENSBAY MALL
"VILLAGE GROCER Jalan PJU 5/14, Kota Damansara, 47810 Petaling Jaya, Selangor",VILLAGE_GROCER,SUNWAY GIZA
"KFC Lot F-12, Bandar Utama, 47800 Petaling Jaya, Selangor",KFC,BANDAR UTAMA
"TESCO LOTUS Lot 3456, Jalan Rozhan, 14000 Bukit Mertajam, Penang",TESCO_LOTUS,ALMA
"VILLAGE GROCER 1 Lebuh Bandar Utama, 47800 Petaling Jaya, Selangor",VILLAGE_GROCER,ONE UTAMA
"SEVEN ELEVEN No. 12, Lorong Maarof, Bangsar, 59000 Kuala Lumpur",SEVEN_ELEVEN,BANGSAR
"OLDTOWN WHITE COFFEE Lot L2-10, Gateway@KLIA2, 64000 Sepang, Selangor",OLDTOWN_WHITE_COFFEE,KLIA2
"GI4NT Jalan Haji 4bdul Wahab, 08000 Sungai Petani, Kedah",GIANT,SUNGAI PETANI
"FAMILYMART Jalan SS16/1, 47500 Subang Jaya, Selangor",FAMILYMART,SUBANG PARADE
"SPEEDMART 99 Jalan SS15/8, 47500 Subang Jaya, Selangor",SPEEDMART_99,SS15
"KFC Lot 6.02, Pavilion Kuala Lumpur, 55100 Kuala Lumpur",KFC,PAVILION KL
"MCDONALDS Lot LG-1, Sunway Pyramid, 47500 Petaling Jaya, Selangor",MCDONALDS,SUNWAY PYRAMID
"VILLAGE GROCER Jalan PJU 5/14, Kota Damansara, 47810 Petaling Jaya, Selangor",VILLAGE_GROCER,SUNWAY GIZA
0LDT0WN WHITE C0FFEE 100 Persiaran Bayan Indah 11900 Bayan Lepas Penang,OLDTOWN_WHITE_COFFEE,QUEENSBAY MALL
"KFC Lot F-12, Bandar Utama, 47800 Petaling Jaya, Selangor",KFC,BANDAR UTAMA
"HER0 MARKET Jalan PJS 11/20, Bandar Sunway, 47500 Petaling Jaya, Selangor",HERO_MARKET,BANDAR BARU SUNWAY
HERO MARKET Jalan PJS 11/20 Bandar Sunway 47500 Petaling Jaya Selangor,HERO_MARKET,BANDAR BARU SUNWAY
"FAMILYMART Jalan SS16/1, 47500 Subang Jaya, Selangor",FAMILYMART,SUBANG PARADE
"4EON BIG Persiaran Kewajipan, 47500 Subang Jaya, Selangor",AEON_BIG,SUBANG JAYA
"NSK TRADE CITY Jalan Sultan Ahmad, 10050 Penang",NSK_TRADE_CITY,PENANG
"GIANT Jalan Haji Abdul Wahab, 08000 Sungai Petani, Kedah",GIANT,SUNGAI PETANI
"TEALIVE 100 Persiaran Bayan Indah, 11900 Bayan Lepas, Penang",TEALIVE,QUEENSBAY MALL
"AEON BIG 100 Persiaran Bayan Indah, 11900 Bayan Lepas, Penang",AEON_BIG,QUEENSBAY MALL
"KFC Lot F-12, Bandar Utama, 47800 Petaling Jaya, Selangor",KFC,BANDAR UTAMA
"TESCO LOTUS Lot 789, Jalan Todak, 13700 Perai, Penang",TESCO_LOTUS,SEBERANG JAYA
"VILLAGE GROCER Jalan PJU 5/14, Kota Damansara, 47810 Petaling Jaya, Selangor",VILLAGE_GROCER,SUNWAY GIZA
"HERO MARKET Jalan Desa 2, Taman Desa, 58100 Kuala Lumpur",HERO_MARKET,TAMAN DESA
"TEALIVE 100 Persiaran Bayan Indah, 11900 Bayan Lepas, Penang",TEALIVE,QUEENSBAY MALL
NSK TRAD3 CITY Lot 45 Jalan Merbok 08000 Sungai Petani Kedah,NSK_TRADE_CITY,SUNGAI PETANI
AEON BIG 100 Persiaran Bayan Indah 11900 Bayan Lepas Penang,AEON_BIG,QUEENSBAY MALL
"KFC Lot 6.02, Pavilion Kuala Lumpur, 55100 Kuala Lumpur",KFC,PAVILION KL
"FAMILYMART Jalan SS16/1, 47500 Subang Jaya, Selangor",FAMILYMART,SUBANG PARADE
"HERO MARKET Jalan PJS 11/20, Bandar Sunway, 47500 Petaling Jaya, Selangor",HERO_MARKET,BANDAR BARU SUNWAY
"TE4LIVE Lot G-45, Sunway Pyramid, Bandar Sunway, 47500 Petaling Jaya, Selangor",TEALIVE,SUNWAY PYRAMID
"JAYA GROCER Lot LG-102, Bandar Utama, 47800 Petaling Jaya, Selangor",JAYA_GROCER,ONE UTAMA
MYDIN MYDIN WHOLESALE HYPERMARKET SUBANG JAYA USJ 1 Persiaran Subang Permai 47600 Subang Jaya Selangor,MYDIN,SUBANG JAYA
"HERO M4RKET Jalan PJS 11/20, Bandar Sunway, 47500 Petaling Jaya, Selangor",HERO_MARKET,BANDAR BARU SUNWAY
"TESCO LOTUS Lot 88, Jalan Puchong Jaya, 47100 Puchong, Selangor",TESCO_LOTUS,PUCHONG
"KFC Lot F-12, Bandar Utama, 47800 Petaling Jaya, Selangor",KFC,BANDAR UTAMA
"MCDONALDS Lot LG-1, Sunway Pyramid, 47500 Petaling Jaya, Selangor",MCDONALDS,SUNWAY PYRAMID
"OLDTOWN WHIT3 COFF33 100 Persiaran Bayan Indah, 11900 Bayan Lepas, Penang",OLDTOWN_WHITE_COFFEE,QUEENSBAY MALL
"GIANT Jalan Sultan Iskandar, 30000 Ipoh, Perak",GIANT,IPOH
"HERO MARKET Jalan Desa 2, Taman Desa, 58100 Kuala Lumpur",HERO_MARKET,TAMAN DESA
OLDTOWN WHITE COFFEE Lot L2-10 Gateway@KLI42 64000 Sepang Selangor,OLDTOWN_WHITE_COFFEE,KLIA2
"MYDIN MYDIN WHOLESALE HYPERMARKET BAYAN LEPAS Lot 88, Jalan Sultan Azlan Shah, 11900 Bayan Lepas, Penang",MYDIN,BAYAN LEPAS
"GI4NT Jalan Haji 4bdul Wahab, 08000 Sungai Petani, Kedah",GIANT,SUNGAI PETANI
"TEALIVE Lot G-45, Sunway Pyramid, Bandar Sunway, 47500 Petaling Jaya, Selangor",TEALIVE,SUNWAY PYRAMID
"SPEEDMART 99 Jalan Anggerik Vanilla, 40460 Kota Kemuning, Selangor",SPEEDMART_99,KOTA KEMUNING
"TESCO LOTUS Lot 3456, Jalan Rozhan, 14000 Bukit Mertajam, Penang",TESCO_LOTUS,ALMA
"TEALIVE 100 Persiaran Bayan Indah, 11900 Bayan Lepas, Penang",TEALIVE,QUEENSBAY MALL
"SEVEN ELEVEN No. 12, Lorong Maarof, Bangsar, 59000 Kuala Lumpur",SEVEN_ELEVEN,BANGSAR
"AEON BIG 100 Persiaran Bayan Indah, 11900 Bayan Lepas, Penang",AEON_BIG,QUEENSBAY MALL
"GIANT Persiaran Setia Alam, 40170 Setia Alam, Selangor",GIANT,SETIA ALAM
"OLDTOWN WHITE COFFEE Lot L2-10, Gateway@KLIA2, 64000 Sepang, Selangor",OLDTOWN_WHITE_COFFEE,KLIA2
"SPEEDM4RT 99 Jalan SS15/8, 47500 Subang Jaya, Selangor",SPEEDMART_99,SS15
"TE4LIVE Lot G-45, Sunway Pyramid, Bandar Sunway, 47500 Petaling Jaya, Selangor",TEALIVE,SUNWAY PYRAMID
"MCDONALDS Lot 10, KLCC, Jalan Ampang, 50088 Kuala Lumpur",MCDONALDS,KLCC
"SPEEDMART 99 Jalan SS15/8, 47500 Subang Jaya, Selangor",SPEEDMART_99,SS15
"T34LIV3 100 Persiaran Bayan Indah, 11900 Bayan Lepas, Penang",TEALIVE,QUEENSBAY MALL
JAYA GROCER Lot LG-26 Persiaran Gurney 10250 Pulau Pinang,JAYA_GROCER,GURNEY PARAGON MALL
"SEVEN ELEVEN No. 12, Lorong Maarof, Bangsar, 59000 Kuala Lumpur",SEVEN_ELEVEN,BANGSAR
NSK TR4DE CITY Lot 45 Jalan Merbok 08000 Sungai Petani Kedah,NSK_TRADE_CITY,SUNGAI PETANI
"TE4LIVE Lot G-45, Sunway Pyramid, Bandar Sunway, 47500 Petaling Jaya, Selangor",TEALIVE,SUNWAY PYRAMID
"SEVEN ELEVEN No. 12, Lorong Maarof, Bangsar, 59000 Kuala Lumpur",SEVEN_ELEVEN,BANGSAR
"T3SCO LOTUS Lot 789, Jalan Todak, 13700 Perai, Penang",TESCO_LOTUS,SEBERANG JAYA
"HERO MARKET Jalan PJS 11/20, Bandar Sunway, 47500 Petaling Jaya, Selangor",HERO_MARKET,BANDAR BARU SUNWAY
"HERO MARKET Jalan Desa 2, Taman Desa, 58100 Kuala Lumpur",HERO_MARKET,TAMAN DESA
"SPEEDMART 99 Jalan Sultan Azlan Shah, 11900 Bayan Lepas, Penang",SPEEDMART_99,BAYAN LEPAS
"VILLAGE GROCER Jalan PJU 5/14, Kota Damansara, 47810 Petaling Jaya, Selangor",VILLAGE_GROCER,SUNWAY GIZA
VILLAGE GROCER 1 Lebuh Bandar Utama 47800 Petaling Jaya Selangor,VILLAGE_GROCER,ONE UTAMA
"SP33DMART 99 No 3, Jalan Setia Prima, 40170 Setia Alam, Selangor",SPEEDMART_99,SETIA ALAM
"SPEEDMART 99 Jalan SS24/12, 47301 Petaling Jaya, Selangor",SPEEDMART_99,TAMAN MEGAH
"AEON BIG Persiaran Kewajipan, 47500 Subang Jaya, Selangor",AEON_BIG,SUBANG JAYA
"J4Y4 GROC3R Lot LG-18, Jalan Putra, 50350 Kuala Lumpur",JAYA_GROCER,SUNWAY PUTRA MALL
TESCO LOTUS Lot 88 Jalan Puchong Jaya 47100 Puchong Selangor,TESCO_LOTUS,PUCHONG
NSK TRADE CITY Lot 45 Jalan Merbok 08000 Sungai Petani Kedah,NSK_TRADE_CITY,SUNGAI PETANI
"SPEEDMART 99 Jalan Anggerik Vanilla, 40460 Kota Kemuning, Selangor",SPEEDMART_99,KOTA KEMUNING
"HERO MARKET Jalan Desa 2, Taman Desa, 58100 Kuala Lumpur",HERO_MARKET,TAMAN DESA
"FAMILYMART Lot G-12, Mid Valley Megamall, 59200 Kuala Lumpur",FAMILYMART,MID VALLEY
"HER0 M4RKET Jalan PJS 11/20, Bandar Sunway, 47500 Petaling Jaya, Selangor",HERO_MARKET,BANDAR BARU SUNWAY
"GIANT Persiaran Setia Alam, 40170 Setia Alam, Selangor",GIANT,SETIA ALAM
"SEVEN ELEVEN Jalan Air Itam, 10560 George Town, Penang",SEVEN_ELEVEN,PENANG HILL
"KFC Lot F-12, Bandar Utama, 47800 Petaling Jaya, Selangor",KFC,BANDAR UTAMA
JAYA GROCER Lot LG-18 Jalan Putra 50350 Kuala Lumpur,JAYA_GROCER,SUNWAY PUTRA MALL
"JAYA GROCER Lot G-12, Jalan Lingkaran Tengah 2, 53100 Kuala Lumpur",JAYA_GROCER,KL EAST MALL
MCD0NALDS Lot LG-1 Sunway Pyramid 47500 Petaling Jaya Selangor,MCDONALDS,SUNWAY PYRAMID
"JAYA GROCER Lot G-05, Jalan SS21/60, Damansara Utama, 47400 Selangor",JAYA_GROCER,THE STARLING MALL
"AEON BIG Persiaran Kewajipan, 47500 Subang Jaya, Selangor",AEON_BIG,SUBANG JAYA
"KFC Lot 6.02, Pavilion Kuala Lumpur, 55100 Kuala Lumpur",KFC,PAVILION KL
"TEALIVE 100 Persiaran Bayan Indah, 11900 Bayan Lepas, Penang",TEALIVE,QUEENSBAY MALL
"TEALIVE Lot G-45, Sunway Pyramid, Bandar Sunway, 47500 Petaling Jaya, Selangor",TEALIVE,SUNWAY PYRAMID
"TESCO LOTUS Lot 789, Jalan Todak, 13700 Perai, Penang",TESCO_LOTUS,SEBERANG JAYA
"NSK TRADE CITY Jalan Besar, 09000 Kulim, Kedah",NSK_TRADE_CITY,KULIM
"JAYA GROCER Lot G-05, Jalan SS21/60, Damansara Utama, 47400 Selangor",JAYA_GROCER,THE STARLING MALL
"HERO MARKET Jalan Desa 2, Taman Desa, 58100 Kuala Lumpur",HERO_MARKET,TAMAN DESA
"TEALIVE 100 Persiaran Bayan Indah, 11900 Bayan Lepas, Penang",TEALIVE,QUEENSBAY MALL
"TEALIVE 100 Persiaran Bayan Indah, 11900 Bayan Lepas, Penang",TEALIVE,QUEENSBAY MALL
"AEON BIG 100 Persiaran Bayan Indah, 11900 Bayan Lepas, Penang",AEON_BIG,QUEENSBAY MALL
VILLAGE GROCER 1 Lebuh Bandar Utama 47800 Petaling Jaya Selangor,VILLAGE_GROCER,ONE UTAMA
"JAYA GROCER Lot G-05, Jalan SS21/60, Damansara Utama, 47400 Selangor",JAYA_GROCER,THE STARLING MALL
"VILLAGE GROCER Jalan PJU 5/14, Kota Damansara, 47810 Petaling Jaya, Selangor",VILLAGE_GROCER,SUNWAY GIZA
"JAYA GROCER Lot G-12, Jalan Lingkaran Tengah 2, 53100 Kuala Lumpur",JAYA_GROCER,KL EAST MALL
"MYDIN MYDIN WHOLESALE HYPERMARKET KUANTAN Jalan Gambut, 25300 Kuantan, Pahang",MYDIN,KUANTAN
"FAMILYMART Lot G-12, Mid Valley Megamall, 59200 Kuala Lumpur",FAMILYMART,MID VALLEY
"FAMILYMART Lot 101, Avenue K, Jalan Ampang, 50088 Kuala Lumpur",FAMILYMART,KLCC
"4EON BIG Persiaran Kewajipan, 47500 Subang Jaya, Selangor",AEON_BIG,SUBANG JAYA
"SPEEDMART 99 Jalan Sultan Azlan Shah, 11900 Bayan Lepas, Penang",SPEEDMART_99,BAYAN LEPAS
"OLDTOWN WHITE COFFEE Lot L2-10, Gateway@KLIA2, 64000 Sepang, Selangor",OLDTOWN_WHITE_COFFEE,KLIA2
"FAMILYMART Jalan SS16/1, 47500 Subang Jaya, Selangor",FAMILYMART,SUBANG PARADE
"MYDIN MYDIN WHOL3S4L3 HYP3RM4RK3T KU4NT4N Jalan Gambut, 25300 Kuantan, Pahang",MYDIN,KUANTAN
JAYA GROCER Lot LG-102 Bandar Utama 47800 Petaling Jaya Selangor,JAYA_GROCER,ONE UTAMA
"MCDONALDS Lot 10, KLCC, Jalan Ampang, 50088 Kuala Lumpur",MCDONALDS,KLCC
"MCDONALDS Lot LG-1, Sunway Pyramid, 47500 Petaling Jaya, Selangor",MCDONALDS,SUNWAY PYRAMID
"SPEEDMART 99 No 3, Jalan Setia Prima, 40170 Setia Alam, Selangor",SPEEDMART_99,SETIA ALAM
"VILLAG3 GROC3R Jalan PJU 5/14, Kota Damansara, 47810 Petaling Jaya, Selangor",VILLAGE_GROCER,SUNWAY GIZA
"SPEEDM4RT 99 Jalan SS15/8, 47500 Subang Jaya, Selangor",SPEEDMART_99,SS15
"NSK TRAD3 CITY Lot 45, Jalan Merbok, 08000 Sungai Petani, Kedah",NSK_TRADE_CITY,SUNGAI PETANI
"SEVEN ELEVEN No. 12, Lorong Maarof, Bangsar, 59000 Kuala Lumpur",SEVEN_ELEVEN,BANGSAR
"TEALIVE Lot G-45, Sunway Pyramid, Bandar Sunway, 47500 Petaling Jaya, Selangor",TEALIVE,SUNWAY PYRAMID
"MYDIN MYDIN WHOLESALE HYPERMARKET BAYAN LEPAS Lot 88, Jalan Sultan Azlan Shah, 11900 Bayan Lepas, Penang",MYDIN,BAYAN LEPAS
JAYA GROCER Lot LG-26 Persiaran Gurney 10250 Pulau Pinang,JAYA_GROCER,GURNEY PARAGON MALL
SEVEN ELEVEN Jalan Air Itam 10560 George Town Penang,SEVEN_ELEVEN,PENANG HILL
"OLDTOWN WHITE COFFEE 100 Persiaran Bayan Indah, 11900 Bayan Lepas, Penang",OLDTOWN_WHITE_COFFEE,QUEENSBAY MALL
4EON BIG 100 Persiaran Bayan Indah 11900 Bayan Lepas Penang,AEON_BIG,QUEENSBAY MALL
SPEEDMART 99 Jalan Sultan Azlan Shah 11900 Bayan Lepas Penang,SPEEDMART_99,BAYAN LEPAS
GI4NT Jalan Sultan Iskandar 30000 Ipoh Perak,GIANT,IPOH
"TE4LIVE Lot G-45, Sunway Pyramid, Bandar Sunway, 47500 Petaling Jaya, Selangor",TEALIVE,SUNWAY PYRAMID
"TESCO LOTUS Lot 789, Jalan Todak, 13700 Perai, Penang",TESCO_LOTUS,SEBERANG JAYA
"VILLAGE GROCER 1 Lebuh Bandar Utama, 47800 Petaling Jaya, Selangor",VILLAGE_GROCER,ONE UTAMA
"GIANT Jalan Haji Abdul Wahab, 08000 Sungai Petani, Kedah",GIANT,SUNGAI PETANI
"TESCO LOTUS Lot 3456, Jalan Rozhan, 14000 Bukit Mertajam, Penang",TESCO_LOTUS,ALMA
"NSK TRADE CITY Lot 45, Jalan Merbok, 08000 Sungai Petani, Kedah",NSK_TRADE_CITY,SUNGAI PETANI
"KFC Lot F-12, Bandar Utama, 47800 Petaling Jaya, Selangor",KFC,BANDAR UTAMA
"GI4NT Jalan Sultan Iskandar, 30000 Ipoh, Perak",GIANT,IPOH
"SPEEDMART 99 Jalan SS24/12, 47301 Petaling Jaya, Selangor",SPEEDMART_99,TAMAN MEGAH
NSK TRADE CITY Jalan Sultan Ahmad 10050 Penang,NSK_TRADE_CITY,PENANG
"FAMILYMART Lot G-12, Mid Valley Megamall, 59200 Kuala Lumpur",FAMILYMART,MID VALLEY
"TESCO LOTUS Lot 3456, Jalan Rozhan, 14000 Bukit Mertajam, Penang",TESCO_LOTUS,ALMA
"HERO MARKET Jalan Desa 2, Taman Desa, 58100 Kuala Lumpur",HERO_MARKET,TAMAN DESA
"AEON BIG Persiaran Kewajipan, 47500 Subang Jaya, Selangor",AEON_BIG,SUBANG JAYA
"NSK TRADE CITY Jalan Besar, 09000 Kulim, Kedah",NSK_TRADE_CITY,KULIM
"SEVEN ELEVEN Jalan Air Itam, 10560 George Town, Penang",SEVEN_ELEVEN,PENANG HILL
"KFC Lot 6.02, Pavilion Kuala Lumpur, 55100 Kuala Lumpur",KFC,PAVILION KL
"FAMILYMART Jalan SS16/1, 47500 Subang Jaya, Selangor",FAMILYMART,SUBANG PARADE
"FAMILYMART Jalan SS16/1, 47500 Subang Jaya, Selangor",FAMILYMART,SUBANG PARADE
NSK TRAD3 CITY Jalan Besar 09000 Kulim Kedah,NSK_TRADE_CITY,KULIM
"MCD0NALDS Lot 10, KLCC, Jalan Ampang, 50088 Kuala Lumpur",MCDONALDS,KLCC
"F4MILYM4RT Lot 101, 4venue K, Jalan 4mpang, 50088 Kuala Lumpur",FAMILYMART,KLCC
"FAMILYMART Lot 101, Avenue K, Jalan Ampang, 50088 Kuala Lumpur",FAMILYMART,KLCC
"SP33DMART 99 Jalan SS24/12, 47301 Petaling Jaya, Selangor",SPEEDMART_99,TAMAN MEGAH
"AEON BIG Persiaran Kewajipan, 47500 Subang Jaya, Selangor",AEON_BIG,SUBANG JAYA
"FAMILYMART Lot G-12, Mid Valley Megamall, 59200 Kuala Lumpur",FAMILYMART,MID VALLEY
"VILLAGE GROCER 1 Lebuh Bandar Utama, 47800 Petaling Jaya, Selangor",VILLAGE_GROCER,ONE UTAMA
"SEVEN ELEVEN Jalan Air Itam, 10560 George Town, Penang",SEVEN_ELEVEN,PENANG HILL
"MYDIN MYDIN WHOLESALE HYPERMARKET BAYAN LEPAS Lot 88, Jalan Sultan Azlan Shah, 11900 Bayan Lepas, Penang",MYDIN,BAYAN LEPAS
"OLDTOWN WHIT3 COFF33 100 Persiaran Bayan Indah, 11900 Bayan Lepas, Penang",OLDTOWN_WHITE_COFFEE,QUEENSBAY MALL
"SEVEN ELEVEN Jalan Air Itam, 10560 George Town, Penang",SEVEN_ELEVEN,PENANG HILL
"VILL4GE GROCER 1 Lebuh Bandar Utama, 47800 Petaling Jaya, Selangor",VILLAGE_GROCER,ONE UTAMA
"TEALIVE 100 Persiaran Bayan Indah, 11900 Bayan Lepas, Penang",TEALIVE,QUEENSBAY MALL
"JAYA GROCER Lot G-05, Jalan SS21/60, Damansara Utama, 47400 Selangor",JAYA_GROCER,THE STARLING MALL
NSK TR4DE CITY Jalan Sultan 4hmad 10050 Penang,NSK_TRADE_CITY,PENANG
"KFC Lot 6.02, Pavilion Kuala Lumpur, 55100 Kuala Lumpur",KFC,PAVILION KL
"VILLAG3 GROC3R Jalan PJU 5/14, Kota Damansara, 47810 Petaling Jaya, Selangor",VILLAGE_GROCER,SUNWAY GIZA
"H3RO M4RK3T Jalan PJS 11/20, Bandar Sunway, 47500 Petaling Jaya, Selangor",HERO_MARKET,BANDAR BARU SUNWAY
"NSK TRADE CITY Jalan Sultan Ahmad, 10050 Penang",NSK_TRADE_CITY,PENANG
"MCDONALDS Lot 10, KLCC, Jalan Ampang, 50088 Kuala Lumpur",MCDONALDS,KLCC
"OLDTOWN WHITE COFFEE Lot L2-10, Gateway@KLIA2, 64000 Sepang, Selangor",OLDTOWN_WHITE_COFFEE,KLIA2
"MYDIN MYDIN WHOLESALE HYPERMARKET IPOH Jalan Sultan Azlan Shah, 31400 Ipoh, Perak",MYDIN,IPOH
NSK TRAD3 CITY Lot 45 Jalan Merbok 08000 Sungai Petani Kedah,NSK_TRADE_CITY,SUNGAI PETANI
"MCDONALDS Lot 10, KLCC, Jalan Ampang, 50088 Kuala Lumpur",MCDONALDS,KLCC
VILLAG3 GROC3R Jalan PJU 5/14 Kota Damansara 47810 Petaling Jaya Selangor,VILLAGE_GROCER,SUNWAY GIZA
JAYA GROCER Lot G-12 Jalan Lingkaran Tengah 2 53100 Kuala Lumpur,JAYA_GROCER,KL EAST MALL
"OLDTOWN WHIT3 COFF33 Lot L2-10, Gateway@KLIA2, 64000 Sepang, Selangor",OLDTOWN_WHITE_COFFEE,KLIA2
"NSK TRADE CITY Jalan Sultan Ahmad, 10050 Penang",NSK_TRADE_CITY,PENANG
NSK TRADE CITY Jalan Sultan Ahmad 10050 Penang,NSK_TRADE_CITY,PENANG
"OLDTOWN WHITE COFFEE Lot L2-10, Gateway@KLIA2, 64000 Sepang, Selangor",OLDTOWN_WHITE_COFFEE,KLIA2
"AEON BIG 100 Persiaran Bayan Indah, 11900 Bayan Lepas, Penang",AEON_BIG,QUEENSBAY MALL
"TEALIVE 100 Persiaran Bayan Indah, 11900 Bayan Lepas, Penang",TEALIVE,QUEENSBAY MALL
"FAMILYMART Jalan SS16/1, 47500 Subang Jaya, Selangor",FAMILYMART,SUBANG PARADE
"HERO MARKET Jalan PJS 11/20, Bandar Sunway, 47500 Petaling Jaya, Selangor",HERO_MARKET,BANDAR BARU SUNWAY
"NSK TRADE CITY Jalan Besar, 09000 Kulim, Kedah",NSK_TRADE_CITY,KULIM
NSK TRADE CITY Jalan Besar 09000 Kulim Kedah,NSK_TRADE_CITY,KULIM
"VILLAGE GROCER Jalan PJU 5/14, Kota Damansara, 47810 Petaling Jaya, Selangor",VILLAGE_GROCER,SUNWAY GIZA
"TESCO LOTUS Lot 3456, Jalan Rozhan, 14000 Bukit Mertajam, Penang",TESCO_LOTUS,ALMA
"MCDONALDS Lot 10, KLCC, Jalan Ampang, 50088 Kuala Lumpur",MCDONALDS,KLCC
"HERO MARKET Jalan PJS 11/20, Bandar Sunway, 47500 Petaling Jaya, Selangor",HERO_MARKET,BANDAR BARU SUNWAY
"J4Y4 GROCER Lot LG-102, Bandar Utama, 47800 Petaling Jaya, Selangor",JAYA_GROCER,ONE UTAMA
"SPEEDMART 99 Jalan Sultan Azlan Shah, 11900 Bayan Lepas, Penang",SPEEDMART_99,BAYAN LEPAS
"GI4NT Jalan Haji 4bdul Wahab, 08000 Sungai Petani, Kedah",GIANT,SUNGAI PETANI
"MCDONALDS Lot 10, KLCC, Jalan Ampang, 50088 Kuala Lumpur",MCDONALDS,KLCC
"OLDTOWN WHITE COFFEE Lot L2-10, Gateway@KLIA2, 64000 Sepang, Selangor",OLDTOWN_WHITE_COFFEE,KLIA2
"NSK TRADE CITY Jalan Besar, 09000 Kulim, Kedah",NSK_TRADE_CITY,KULIM
"KFC Lot F-12, Bandar Utama, 47800 Petaling Jaya, Selangor",KFC,BANDAR UTAMA
"GIANT Persiaran Setia Alam, 40170 Setia Alam, Selangor",GIANT,SETIA ALAM
"JAYA GR0CER Lot G-05, Jalan SS21/60, Damansara Utama, 47400 Selangor",JAYA_GROCER,THE STARLING MALL
"TEALIVE 100 Persiaran Bayan Indah, 11900 Bayan Lepas, Penang",TEALIVE,QUEENSBAY MALL
"MCDONALDS Lot LG-1, Sunway Pyramid, 47500 Petaling Jaya, Selangor",MCDONALDS,SUNWAY PYRAMID
"TESCO LOTUS Lot 88, Jalan Puchong Jaya, 47100 Puchong, Selangor",TESCO_LOTUS,PUCHONG
"4EON BIG Persiaran Kewajipan, 47500 Subang Jaya, Selangor",AEON_BIG,SUBANG JAYA
"FAMILYMART Lot 101, Avenue K, Jalan Ampang, 50088 Kuala Lumpur",FAMILYMART,KLCC
"GIANT Jalan Sultan Iskandar, 30000 Ipoh, Perak",GIANT,IPOH
"MCDONALDS Lot LG-1, Sunway Pyramid, 47500 Petaling Jaya, Selangor",MCDONALDS,SUNWAY PYRAMID
"A3ON BIG 100 Persiaran Bayan Indah, 11900 Bayan Lepas, Penang",AEON_BIG,QUEENSBAY MALL
"KFC Lot F-12, Bandar Utama, 47800 Petaling Jaya, Selangor",KFC,BANDAR UTAMA
"F4MILYM4RT Jalan SS16/1, 47500 Subang Jaya, Selangor",FAMILYMART,SUBANG PARADE
"SEVEN ELEVEN Jalan Air Itam, 10560 George Town, Penang",SEVEN_ELEVEN,PENANG HILL
"TEALIVE Lot G-45, Sunway Pyramid, Bandar Sunway, 47500 Petaling Jaya, Selangor",TEALIVE,SUNWAY PYRAMID
"KFC Lot 6.02, Pavilion Kuala Lumpur, 55100 Kuala Lumpur",KFC,PAVILION KL
KFC Lot 6.02 Pavilion Kuala Lumpur 55100 Kuala Lumpur,KFC,PAVILION KL
"MYDIN MYDIN WHOLESALE HYPERMARKET IPOH Jalan Sultan Azlan Shah, 31400 Ipoh, Perak",MYDIN,IPOH
"JAYA GROCER Lot G-12, Jalan Lingkaran Tengah 2, 53100 Kuala Lumpur",JAYA_GROCER,KL EAST MALL
"TESCO LOTUS Lot 789, Jalan Todak, 13700 Perai, Penang",TESCO_LOTUS,SEBERANG JAYA
"KFC Lot 6.02, Pavilion Kuala Lumpur, 55100 Kuala Lumpur",KFC,PAVILION KL
"GIANT Jalan Sultan Iskandar, 30000 Ipoh, Perak",GIANT,IPOH
"SPEEDMART 99 Jalan SS15/8, 47500 Subang Jaya, Selangor",SPEEDMART_99,SS15
"OLDTOWN WHITE COFFEE Lot L2-10, Gateway@KLIA2, 64000 Sepang, Selangor",OLDTOWN_WHITE_COFFEE,KLIA2
"JAYA GROCER Lot LG-18, Jalan Putra, 50350 Kuala Lumpur",JAYA_GROCER,SUNWAY PUTRA MALL
"SEVEN ELEVEN Jalan Air Itam, 10560 George Town, Penang",SEVEN_ELEVEN,PENANG HILL
"OLDTOWN WHIT3 COFF33 Lot L2-10, Gateway@KLIA2, 64000 Sepang, Selangor",OLDTOWN_WHITE_COFFEE,KLIA2
"AEON BIG 100 Persiaran Bayan Indah, 11900 Bayan Lepas, Penang",AEON_BIG,QUEENSBAY MALL
"GIANT Jalan Sultan Iskandar, 30000 Ipoh, Perak",GIANT,IPOH
"A3ON BIG Persiaran Kewajipan, 47500 Subang Jaya, Selangor",AEON_BIG,SUBANG JAYA
"JAYA GROCER Lot LG-26, Persiaran Gurney, 10250 Pulau Pinang",JAYA_GROCER,GURNEY PARAGON MALL
"MYDIN MYDIN WHOLES4LE HYPERM4RKET SUB4NG J4Y4 USJ 1, Persiaran Subang Permai, 47600 Subang Jaya, Selangor",MYDIN,SUBANG JAYA
"GIANT Jalan Haji Abdul Wahab, 08000 Sungai Petani, Kedah",GIANT,SUNGAI PETANI
"JAYA GROCER Lot LG-102, Bandar Utama, 47800 Petaling Jaya, Selangor",JAYA_GROCER,ONE UTAMA
"AEON BIG Persiaran Kewajipan, 47500 Subang Jaya, Selangor",AEON_BIG,SUBANG JAYA
"TEALIVE Lot G-45, Sunway Pyramid, Bandar Sunway, 47500 Petaling Jaya, Selangor",TEALIVE,SUNWAY PYRAMID
"TESCO LOTUS Lot 3456, Jalan Rozhan, 14000 Bukit Mertajam, Penang",TESCO_LOTUS,ALMA
"VILLAGE GROCER 1 Lebuh Bandar Utama, 47800 Petaling Jaya, Selangor",VILLAGE_GROCER,ONE UTAMA
TESCO LOTUS Lot 789 Jalan Todak 13700 Perai Penang,TESCO_LOTUS,SEBERANG JAYA
"GIANT Jalan Haji Abdul Wahab, 08000 Sungai Petani, Kedah",GIANT,SUNGAI PETANI
"KFC Lot F-12, Bandar Utama, 47800 Petaling Jaya, Selangor",KFC,BANDAR UTAMA
"AEON BIG 100 Persiaran Bayan Indah, 11900 Bayan Lepas, Penang",AEON_BIG,QUEENSBAY MALL
"OLDTOWN WHITE COFFEE 100 Persiaran Bayan Indah, 11900 Bayan Lepas, Penang",OLDTOWN_WHITE_COFFEE,QUEENSBAY MALL
"TEALIVE 100 Persiaran Bayan Indah, 11900 Bayan Lepas, Penang",TEALIVE,QUEENSBAY MALL
"TEALIVE 100 Persiaran Bayan Indah, 11900 Bayan Lepas, Penang",TEALIVE,QUEENSBAY MALL
"NSK TRADE CITY Jalan Sultan Ahmad, 10050 Penang",NSK_TRADE_CITY,PENANG
"VILLAGE GROCER 1 Lebuh Bandar Utama, 47800 Petaling Jaya, Selangor",VILLAGE_GROCER,ONE UTAMA
"MYDIN MYDIN WHOLESALE HYPERMARKET IPOH Jalan Sultan Azlan Shah, 31400 Ipoh, Perak",MYDIN,IPOH
"FAMILYMART Lot 101, Avenue K, Jalan Ampang, 50088 Kuala Lumpur",FAMILYMART,KLCC
"HERO M4RKET Jalan Desa 2, Taman Desa, 58100 Kuala Lumpur",HERO_MARKET,TAMAN DESA
"SPEEDMART 99 Jalan Sultan Azlan Shah, 11900 Bayan Lepas, Penang",SPEEDMART_99,BAYAN LEPAS
"NSK TRADE CITY Jalan Besar, 09000 Kulim, Kedah",NSK_TRADE_CITY,KULIM
"MCDONALDS Lot LG-1, Sunway Pyramid, 47500 Petaling Jaya, Selangor",MCDONALDS,SUNWAY PYRAMID
"GIANT Jalan Haji Abdul Wahab, 08000 Sungai Petani, Kedah",GIANT,SUNGAI PETANI
"OLDTOWN WHITE COFFEE Lot L2-10, Gateway@KLIA2, 64000 Sepang, Selangor",OLDTOWN_WHITE_COFFEE,KLIA2
"SPEEDMART 99 No 3, Jalan Setia Prima, 40170 Setia Alam, Selangor",SPEEDMART_99,SETIA ALAM
"NSK TRAD3 CITY Jalan Sultan Ahmad, 10050 Penang",NSK_TRADE_CITY,PENANG
"HERO MARKET Jalan Desa 2, Taman Desa, 58100 Kuala Lumpur",HERO_MARKET,TAMAN DESA
SPEEDMART 99 Jalan SS15/8 47500 Subang Jaya Selangor,SPEEDMART_99,SS15
"KFC Lot 6.02, Pavilion Kuala Lumpur, 55100 Kuala Lumpur",KFC,PAVILION KL
"VILLAGE GROCER 1 Lebuh Bandar Utama, 47800 Petaling Jaya, Selangor",VILLAGE_GROCER,ONE UTAMA
FAMILYMART Jalan SS16/1 47500 Subang Jaya Selangor,FAMILYMART,SUBANG PARADE
"MYDIN MYDIN WHOL3SAL3 HYP3RMARK3T IPOH Jalan Sultan Azlan Shah, 31400 Ipoh, Perak",MYDIN,IPOH
"GIANT Jalan Haji Abdul Wahab, 08000 Sungai Petani, Kedah",GIANT,SUNGAI PETANI
"FAMILYMART Lot G-12, Mid Valley Megamall, 59200 Kuala Lumpur",FAMILYMART,MID VALLEY
GIANT Persiaran Setia Alam 40170 Setia Alam Selangor,GIANT,SETIA ALAM
"KFC Lot 6.02, Pavilion Kuala Lumpur, 55100 Kuala Lumpur",KFC,PAVILION KL
"NSK TRADE CITY Jalan Besar, 09000 Kulim, Kedah",NSK_TRADE_CITY,KULIM
"HERO MARKET Jalan Desa 2, Taman Desa, 58100 Kuala Lumpur",HERO_MARKET,TAMAN DESA
"F4MILYM4RT Lot 101, 4venue K, Jalan 4mpang, 50088 Kuala Lumpur",FAMILYMART,KLCC
"MYDIN MYDIN WHOLESALE HYPERMARKET KUANTAN Jalan Gambut, 25300 Kuantan, Pahang",MYDIN,KUANTAN
"GIANT Jalan Sultan Iskandar, 30000 Ipoh, Perak",GIANT,IPOH
"VILLAGE GROCER 1 Lebuh Bandar Utama, 47800 Petaling Jaya, Selangor",VILLAGE_GROCER,ONE UTAMA
SPEEDMART 99 Jalan Sultan Azlan Shah 11900 Bayan Lepas Penang,SPEEDMART_99,BAYAN LEPAS
"MYDIN MYDIN WHOL3S4L3 HYP3RM4RK3T KU4NT4N Jalan Gambut, 25300 Kuantan, Pahang",MYDIN,KUANTAN
"MCDONALDS Lot LG-1, Sunway Pyramid, 47500 Petaling Jaya, Selangor",MCDONALDS,SUNWAY PYRAMID
"4EON BIG Persiaran Kewajipan, 47500 Subang Jaya, Selangor",AEON_BIG,SUBANG JAYA
"JAYA GROC3R Lot G-05, Jalan SS21/60, Damansara Utama, 47400 Selangor",JAYA_GROCER,THE STARLING MALL
OLDTOWN WHIT3 COFF33 Lot L2-10 Gateway@KLIA2 64000 Sepang Selangor,OLDTOWN_WHITE_COFFEE,KLIA2
"SPEEDM4RT 99 Jalan 4nggerik Vanilla, 40460 Kota Kemuning, Selangor",SPEEDMART_99,KOTA KEMUNING
"MYDIN MYDIN WHOL3SAL3 HYP3RMARK3T SUBANG JAYA USJ 1, Persiaran Subang Permai, 47600 Subang Jaya, Selangor",MYDIN,SUBANG JAYA
"SPEEDMART 99 Jalan SS24/12, 47301 Petaling Jaya, Selangor",SPEEDMART_99,TAMAN MEGAH
"HERO MARKET Jalan PJS 11/20, Bandar Sunway, 47500 Petaling Jaya, Selangor",HERO_MARKET,BANDAR BARU SUNWAY
"GIANT Jalan Sultan Iskandar, 30000 Ipoh, Perak",GIANT,IPOH
MCD0N4LDS Lot 10 KLCC Jalan 4mpang 50088 Kuala Lumpur,MCDONALDS,KLCC
"GIANT Jalan Sultan Iskandar, 30000 Ipoh, Perak",GIANT,IPOH
KFC Lot 6.02 Pavilion Kuala Lumpur 55100 Kuala Lumpur,KFC,PAVILION KL
"VILLAGE GROCER 1 Lebuh Bandar Utama, 47800 Petaling Jaya, Selangor",VILLAGE_GROCER,ONE UTAMA
"AEON BIG 100 Persiaran Bayan Indah, 11900 Bayan Lepas, Penang",AEON_BIG,QUEENSBAY MALL
"T3SC0 L0TUS Lot 3456, Jalan Rozhan, 14000 Bukit Mertajam, Penang",TESCO_LOTUS,ALMA
"FAMILYMART Lot 101, Avenue K, Jalan Ampang, 50088 Kuala Lumpur",FAMILYMART,KLCC
"TESCO LOTUS Lot 3456, Jalan Rozhan, 14000 Bukit Mertajam, Penang",TESCO_LOTUS,ALMA
"FAMILYMART Lot G-12, Mid Valley Megamall, 59200 Kuala Lumpur",FAMILYMART,MID VALLEY
"KFC Lot F-12, Bandar Utama, 47800 Petaling Jaya, Selangor",KFC,BANDAR UTAMA
"OLDTOWN WHITE COFFEE 100 Persiaran Bayan Indah, 11900 Bayan Lepas, Penang",OLDTOWN_WHITE_COFFEE,QUEENSBAY MALL
